Month/Year,License Class,Trips Per Day,Farebox Per Day,Unique Drivers,Unique Vehicles,Vehicles Per Day,Avg Days Vehicles on Road,Avg Hours Per Day Per Vehicle,Avg Days Drivers on Road,Avg Hours Per Day Per Driver,Avg Minutes Per Trip,Percent of Trips Paid with Credit Card,Trips Per Day Shared
2025-09,FHV - High Volume,"647,819",-,"84,749","82,341","59,774",21.8,6.4,21.5,6.3,21.0,-,"9,376"
2025-09,Green,"1,589","39,207",616,588,350,17.9,3.7,17.2,3.6,16.6,78%,-
2025-09,Yellow,"138,644","3,432,772","13,691","10,199","9,026",26.6,8.8,22.9,7.6,17.8,87%,-
2025-08,FHV - Black Car,"29,876",-,"11,384","11,508","5,042",13.6,4.7,13.8,4.7,27.0,-,-
2025-08,FHV - High Volume,"621,658",-,"82,302","80,653","56,479",21.7,6.4,21.6,6.3,19.0,-,"11,006"
2025-08,FHV - Livery,"41,692",-,"9,734","9,608","5,886",19.0,5.2,19.1,5.1,19.0,-,-
2025-08,FHV - Lux Limo,981,-,"1,819","1,762",578,10.2,1.7,10.1,1.6,67.0,-,-
2025-08,Green,"1,450","36,061",605,579,336,18.0,3.6,17.3,3.6,16.0,76%,-
2025-08,Yellow,"112,842","2,658,137","13,195","9,987","8,560",26.6,8.1,23.1,7.1,16.5,85%,-
2025-07,FHV - Black Car,"34,131",-,"12,283","12,404","5,502",13.8,4.8,14.0,4.8,27.0,-,-
2025-07,FHV - High Volume,"633,966",-,"82,341","80,640","57,033",21.9,6.3,21.8,6.3,19.0,-,"11,913"
2025-07,FHV - Livery,"45,372",-,"10,274","10,236","6,206",18.8,5.3,19.0,5.2,19.0,-,-
2025-07,FHV - Lux Limo,"1,150",-,"1,963","1,891",657,10.8,1.7,10.7,1.7,70.0,-,-
2025-07,Green,"1,515","34,883",608,583,329,17.5,3.7,16.9,3.7,15.6,77%,-
2025-07,Yellow,"123,794","2,983,702","13,378","9,965","8,625",26.8,8.4,23.0,7.3,16.6,86%,-
2025-06,FHV - Black Car,"32,620",-,"11,961","11,884","5,387",13.6,4.8,13.7,4.7,29.0,-,-
2025-06,FHV - High Volume,"662,265",-,"81,148","80,495","57,314",21.4,6.4,21.5,6.4,20.0,-,"12,191"
2025-06,FHV - Livery,"43,435",-,"9,851","9,847","5,939",18.1,5.3,18.4,5.3,20.0,-,-
2025-06,FHV - Lux Limo,"1,126",-,"1,540","1,476",568,11.6,2.0,11.4,1.9,71.0,-,-
2025-06,Green,"1,602","36,883",619,596,336,16.9,3.8,16.4,3.7,15.6,76%,-
2025-06,Yellow,"142,320","3,506,998","13,309","9,946","8,781",26.5,8.9,22.9,7.7,17.0,88%,-
2025-05,FHV - Black Car,"32,769",-,"12,326","12,152","5,595",14.3,4.7,14.3,4.6,30.0,-,-
2025-05,FHV - High Volume,"680,359",-,"81,398","80,736","59,074",22.7,6.5,22.8,6.5,20.0,-,"11,581"
2025-05,FHV - Livery,"41,132",-,"10,605","10,532","6,137",18.1,5.0,18.3,5.0,21.0,-,-
2025-05,FHV - Lux Limo,"1,152",-,"1,478","1,408",560,12.3,2.0,12.1,2.0,71.0,-,-
2025-05,Green,"1,745","39,511",633,609,363,18.5,3.8,17.9,3.8,15.7,77%,-
2025-05,Yellow,"146,482","3,519,908","13,317","9,846","8,841",27.8,9.2,24.0,7.9,17.4,87%,-
2025-04,FHV - Black Car,"28,491",-,"11,046","10,855","4,869",13.5,4.6,13.5,4.6,27.0,-,-
2025-04,FHV - High Volume,"658,465",-,"80,878","80,267","58,055",21.7,6.4,21.8,6.4,19.0,-,"9,932"
2025-04,FHV - Livery,"29,799",-,"7,867","7,811","4,426",17.0,5.1,17.1,5.0,21.0,-,-
2025-04,FHV - Lux Limo,970,-,"1,306","1,272",484,11.4,2.0,11.5,1.9,63.0,-,-
2025-04,Green,"1,701","37,501",647,623,369,17.8,3.7,17.3,3.7,15.3,76%,-
2025-04,Yellow,"130,718","3,083,890","13,065","9,685","8,670",26.9,8.6,23.1,7.5,16.0,86%,-
2025-03,FHV - Black Car,"33,223",-,"11,614","11,500","5,457",14.7,4.8,14.8,4.7,26.0,-,-
2025-03,FHV - High Volume,"662,479",-,"80,637","79,950","57,956",22.5,6.4,22.6,6.3,19.0,-,"9,619"
2025-03,FHV - Livery,"39,452",-,"9,624","9,503","5,687",18.6,5.0,18.7,4.9,19.0,-,-
2025-03,FHV - Lux Limo,"1,519",-,"2,102","2,008",790,12.2,1.9,12.1,1.8,60.0,-,-
2025-03,Green,"1,624","34,953",653,626,359,17.8,3.6,17.1,3.6,14.9,75%,-
2025-03,Yellow,"132,177","3,092,309","12,663","9,504","8,454",27.6,8.7,23.8,7.5,15.3,87%,-
2025-02,FHV - Black Car,"27,100",-,"10,155","9,996","4,603",12.9,4.6,12.9,4.6,25.0,-,-
2025-02,FHV - High Volume,"690,694",-,"80,286","79,556","57,477",20.2,6.6,20.3,6.5,18.0,-,"13,562"
2025-02,FHV - Livery,"31,873",-,"8,605","8,509","4,772",15.7,4.9,15.8,4.8,19.0,-,-
2025-02,FHV - Lux Limo,"1,610",-,"2,139","2,065",825,11.2,1.9,11.2,1.9,59.0,-,-
2025-02,Green,"1,630","33,490",659,632,355,15.7,3.7,15.2,3.6,14.0,76%,-
2025-02,Yellow,"126,270","2,810,665","12,479","9,391","8,233",24.5,8.6,21.2,7.5,14.7,87%,-
2025-01,FHV - Black Car,"26,899",-,"11,033","10,853","4,596",13.1,4.6,13.2,4.5,25.0,-,-
2025-01,FHV - High Volume,"658,246",-,"81,324","80,519","55,946",21.5,6.5,21.6,6.4,18.0,-,"15,223"
2025-01,FHV - Livery,"33,006",-,"9,138","9,055","4,994",17.1,4.9,17.2,4.8,19.0,-,-
2025-01,FHV - Lux Limo,"1,054",-,"1,717","1,696",566,10.4,1.9,10.6,1.8,60.0,-,-
2025-01,Green,"1,523","30,862",667,643,354,17.1,3.5,16.7,3.4,13.8,75%,-
2025-01,Yellow,"110,654","2,502,243","12,563","9,407","8,027",26.5,7.9,22.6,6.9,14.2,85%,-
2024-12,FHV - Black Car,"25,642",-,"10,476","10,522","4,365",12.9,4.6,13.0,4.6,27.0,-,-
2024-12,FHV - High Volume,"679,639",-,"82,675","81,715","58,419",22.2,6.5,22.2,6.4,20.0,-,"15,619"
2024-12,FHV - Livery,"35,568",-,"9,282","9,153","5,342",18.1,4.9,18.2,4.8,19.0,-,-
2024-12,FHV - Lux Limo,"1,137",-,"1,817","1,760",568,10.0,2.0,10.0,1.9,68.0,-,-
2024-12,Green,"1,701","36,402",696,664,379,17.7,3.6,17.1,3.5,15.1,74%,-
2024-12,Yellow,"116,820","2,909,033","13,001","9,471","8,336",27.3,8.1,23.1,7.0,17.7,83%,-
2024-11,FHV - Black Car,"29,082",-,"11,375","11,078","4,841",13.1,4.7,13.1,4.6,27.0,-,-
2024-11,FHV - High Volume,"666,250",-,"82,674","81,836","58,715",21.5,6.5,21.6,6.4,20.0,-,"12,005"
2024-11,FHV - Livery,"35,755",-,"9,868","9,719","5,735",17.7,4.7,17.8,4.6,20.0,-,-
2024-11,FHV - Lux Limo,"1,228",-,"1,834","1,820",634,10.5,1.9,10.7,1.9,67.0,-,-
2024-11,Green,"1,740","37,729",698,663,386,17.5,3.6,16.9,3.6,15.0,74%,-
2024-11,Yellow,"120,183","2,918,933","12,957","9,430","8,395",26.7,8.3,22.8,7.1,16.8,84%,-
2024-10,FHV - Black Car,"25,737",-,"11,498","11,160","4,563",12.7,4.5,12.7,4.4,27.0,-,-
2024-10,FHV - High Volume,"646,072",-,"82,793","81,962","59,066",22.3,6.5,22.4,6.4,20.0,-,"10,279"
2024-10,FHV - Livery,"28,153",-,"9,342","9,185","4,989",16.8,4.4,16.9,4.3,21.0,-,-
2024-10,FHV - Lux Limo,"1,296",-,"1,737","1,658",598,11.2,2.1,11.1,2.0,67.0,-,-
2024-10,Green,"1,807","40,528",719,686,403,18.2,3.6,17.5,3.6,15.1,73%,-
2024-10,Yellow,"122,312","3,052,707","12,919","9,389","8,405",27.8,8.5,23.7,7.3,17.3,84%,-
2024-09,FHV - Black Car,"27,289",-,"11,523","11,095","4,640",12.5,4.6,12.5,4.5,29.0,-,-
2024-09,FHV - High Volume,"640,325",-,"82,503","81,572","57,601",21.2,6.5,21.3,6.4,21.0,-,"11,800"
2024-09,FHV - Livery,"30,549",-,"9,225","9,090","5,231",17.3,4.5,17.3,4.4,21.0,-,-
2024-09,FHV - Lux Limo,"1,187",-,"1,692","1,634",573,10.5,2.1,10.5,2.0,70.0,-,-
2024-09,Green,"1,794","42,969",716,685,402,17.6,3.6,17.0,3.6,15.8,73%,-
2024-09,Yellow,"119,900","3,020,448","12,601","9,254","8,162",26.5,8.5,22.5,7.3,17.7,84%,-
2024-08,FHV - Black Car,"21,776",-,"9,988","10,071","3,957",12.2,4.4,12.3,4.4,26.0,-,-
2024-08,FHV - High Volume,"617,043",-,"81,306","80,570","55,030",21.2,6.3,21.3,6.3,19.0,-,"10,185"
2024-08,FHV - Livery,"30,698",-,"10,031","9,909","5,420",17.0,4.4,17.1,4.4,20.0,-,-
2024-08,FHV - Lux Limo,791,-,"1,379","1,345",446,10.3,1.8,10.3,1.7,68.0,-,-
2024-08,Green,"1,653","38,597",728,694,394,17.6,3.5,17.0,3.4,14.9,72%,-
2024-08,Yellow,"94,731","2,360,630","12,276","9,125","7,822",26.6,7.6,22.6,6.6,16.2,81%,-
2024-07,FHV - Black Car,"18,245",-,"7,568","7,139","2,796",12.1,5.0,12.1,4.7,26.0,-,-
2024-07,FHV - High Volume,"618,802",-,"82,125","81,319","56,458",21.5,6.2,21.6,6.1,19.0,-,"9,126"
2024-07,FHV - Livery,"27,616",-,"7,063","6,934","4,119",18.4,5.0,18.5,4.9,19.0,-,-
2024-07,FHV - Lux Limo,876,-,"1,431","1,356",470,10.7,1.9,10.5,1.8,69.0,-,-
2024-07,Green,"1,658","36,958",747,712,394,17.2,3.5,16.6,3.4,14.6,72%,-
2024-07,Yellow,"97,929","2,423,487","12,353","9,144","7,779",26.4,7.7,22.4,6.7,16.1,82%,-
2024-06,FHV - Black Car,"23,020",-,"8,206","7,826","3,646",14.0,4.9,14.0,4.6,27.0,-,-
2024-06,FHV - High Volume,"670,772",-,"83,794","82,824","58,798",21.3,6.5,21.4,6.4,20.0,-,"9,431"
2024-06,FHV - Livery,"24,815",-,"7,686","7,553","3,950",15.7,4.7,15.7,4.6,22.0,-,-
2024-06,FHV - Lux Limo,"1,119",-,"1,608","1,560",560,10.8,2.0,10.8,1.9,68.0,-,-
2024-06,Green,"1,805","40,375",750,713,399,16.8,3.6,16.2,3.6,15.0,72%,-
2024-06,Yellow,"116,772","2,877,406","12,538","9,146","7,945",26.1,8.4,21.9,7.2,16.6,84%,-
2024-05,FHV - Black Car,"22,986",-,"8,296","7,790","3,556",14.2,5.0,14.1,4.7,28.0,-,-
2024-05,FHV - High Volume,"667,886",-,"84,900","83,944","60,900",22.5,6.5,22.6,6.4,21.0,-,"9,160"
2024-05,FHV - Livery,"26,747",-,"7,921","7,759","4,403",17.6,4.6,17.6,4.5,21.0,-,-
2024-05,FHV - Lux Limo,"1,216",-,"1,649","1,570",595,11.8,2.0,11.6,2.0,70.0,-,-
2024-05,Green,"1,946","42,958",752,719,424,18.3,3.7,17.7,3.6,15.3,72%,-
2024-05,Yellow,"118,819","2,971,875","12,487","9,121","8,052",27.4,8.4,23.2,7.3,17.0,83%,-
2024-04,FHV - Black Car,"24,956",-,"8,596","8,069","3,885",14.4,4.9,14.3,4.7,27.0,-,-
2024-04,FHV - High Volume,"657,765",-,"84,517","83,683","59,194",21.2,6.4,21.4,6.3,19.0,-,"9,034"
2024-04,FHV - Livery,"25,928",-,"7,698","7,536","4,263",17.0,4.6,17.0,4.5,21.0,-,-
2024-04,FHV - Lux Limo,"1,243",-,"1,648","1,603",624,11.7,2.0,11.8,1.9,65.0,-,-
2024-04,Green,"1,879","39,453",734,713,405,17.1,3.6,16.8,3.6,14.3,72%,-
2024-04,Yellow,"115,813","2,803,037","12,242","9,050","7,823",25.9,8.3,22.0,7.2,16.0,84%,-
2024-03,FHV - Black Car,"23,411",-,"8,128","7,651","3,632",14.7,4.9,14.6,4.6,26.0,-,-
2024-03,FHV - High Volume,"686,479",-,"84,901","83,966","60,502",22.3,6.5,22.5,6.4,19.0,-,"9,337"
2024-03,FHV - Livery,"28,495",-,"8,294","8,097","4,746",18.2,4.5,18.2,4.5,20.0,-,-
2024-03,FHV - Lux Limo,"1,460",-,"2,042","1,931",732,11.8,2.0,11.5,1.9,59.0,-,-
2024-03,Green,"1,853","38,304",786,750,418,17.3,3.5,16.7,3.5,14.2,70%,-
2024-03,Yellow,"114,353","2,731,140","12,020","8,920","7,698",26.8,8.4,22.9,7.2,15.6,84%,-
2024-02,FHV - Black Car,"22,633",-,"8,010","7,531","3,598",13.9,4.7,13.7,4.5,25.0,-,-
2024-02,FHV - High Volume,"667,560",-,"84,133","83,713","59,104",20.5,6.5,20.7,6.4,19.0,-,"8,667"
2024-02,FHV - Livery,"27,099",-,"8,163","8,047","4,580",16.5,4.5,16.6,4.4,19.0,-,-
2024-02,FHV - Lux Limo,"1,519",-,"2,062","2,000",768,11.1,2.0,11.2,1.9,59.0,-,-
2024-02,Green,"1,847","37,789",800,769,419,15.8,3.5,15.4,3.5,14.0,71%,-
2024-02,Yellow,"102,708","2,389,780","11,739","8,805","7,449",24.5,8.1,21.1,7.0,14.9,83%,-
2024-01,FHV - Black Car,"20,622",-,"9,010","8,594","3,506",12.6,4.5,12.5,4.4,25.0,-,-
2024-01,FHV - High Volume,"634,329",-,"84,472","83,785","57,144",21.1,6.4,21.4,6.3,18.0,-,"7,341"
2024-01,FHV - Livery,"28,088",-,"8,178","8,032","4,418",17.1,4.7,17.1,4.7,19.0,-,-
2024-01,FHV - Lux Limo,"1,408",-,"2,080","1,998",727,11.3,1.9,11.1,1.9,58.0,-,-
2024-01,Green,"1,824","37,028",829,797,424,16.5,3.5,16.1,3.4,13.9,70%,-
2024-01,Yellow,"94,742","2,219,025","11,838","8,795","7,222",25.5,7.7,21.7,6.7,14.6,82%,-
2023-12,FHV - Black Car,"23,302",-,"9,247","8,778","3,762",13.3,4.7,13.1,4.6,25.0,-,-
2023-12,FHV - High Volume,"661,815",-,"84,911","82,379","58,687",22.1,6.5,21.9,6.4,20.0,-,"6,264"
2023-12,FHV - Livery,"26,133",-,"6,829","6,669","3,826",17.8,4.9,17.8,4.8,19.0,-,-
2023-12,FHV - Lux Limo,"1,394",-,"2,045","1,907",663,10.8,2.1,10.4,2.0,63.0,-,-
2023-12,Green,"2,071","45,896",860,825,469,17.6,3.5,17.2,3.5,15.8,69%,-
2023-12,Yellow,"108,202","2,710,488","12,340","8,841","7,551",26.5,8.2,22.2,7.0,17.0,81%,-
2023-11,FHV - Black Car,"24,928",-,"9,644","8,759","4,036",13.8,4.7,13.4,4.5,25.0,-,-
2023-11,FHV - High Volume,"642,308",-,"84,091","80,871","58,734",21.8,6.4,21.5,6.3,20.0,-,"6,538"
2023-11,FHV - Livery,"29,671",-,"7,610","7,385","4,576",18.6,4.8,18.5,4.7,19.0,-,-
2023-11,FHV - Lux Limo,"1,787",-,"2,163","2,077",852,12.3,2.1,12.2,2.0,64.0,-,-
2023-11,Green,"2,133","46,814",876,837,486,17.4,3.5,16.9,3.5,15.7,70%,-
2023-11,Yellow,"110,643","2,777,387","12,257","8,751","7,622",26.1,8.4,22.0,7.1,17.0,82%,-
2023-10,FHV - Black Car,"27,524",-,"10,028","9,073","4,267",14.6,5.0,14.1,4.6,27.0,-,-
2023-10,FHV - High Volume,"651,179",-,"83,792","80,346","58,055",22.4,6.5,22.0,6.4,20.0,-,"6,343"
2023-10,FHV - Livery,"30,566",-,"7,747","7,528","4,587",18.9,4.9,18.8,4.8,19.0,-,-
2023-10,FHV - Lux Limo,"1,888",-,"2,226","2,165",871,12.5,2.1,12.5,2.1,63.0,-,-
2023-10,Green,"2,135","48,179",900,861,491,17.7,3.5,17.2,3.4,16.0,69%,-
2023-10,Yellow,"112,959","2,889,001","12,232","8,662","7,548",27.0,8.5,22.6,7.2,17.2,82%,-
2023-09,FHV - Black Car,"19,754",-,"7,731","6,899","3,161",13.7,4.8,13.3,4.5,28.0,-,-
2023-09,FHV - High Volume,"661,698",-,"82,812","79,448","56,923",21.5,6.6,21.1,6.5,21.0,-,"5,991"
2023-09,FHV - Livery,"22,459",-,"6,038","5,804","3,491",18.0,4.8,17.8,4.7,20.0,-,-
2023-09,FHV - Lux Limo,"1,598",-,"1,984","1,906",735,11.6,2.1,11.4,2.1,66.0,-,-
2023-09,Green,"2,181","52,570",899,855,485,17.0,3.6,16.3,3.5,16.4,70%,-
2023-09,Yellow,"94,351","2,473,575","11,818","8,495","6,689",23.6,8.0,19.7,6.9,17.8,81%,-
2023-08,FHV - Black Car,"21,358",-,"7,507","6,682","3,143",14.6,5.2,14.0,4.9,27.0,-,-
2023-08,FHV - High Volume,"591,032",-,"80,823","77,520","54,179",21.7,6.4,21.3,6.2,19.0,-,"4,485"
2023-08,FHV - Livery,"23,915",-,"6,283","6,098","3,736",19.0,4.8,18.9,4.7,19.0,-,-
2023-08,FHV - Lux Limo,"1,324",-,"1,873","1,789",676,11.7,1.9,11.5,1.9,74.0,-,-
2023-08,Green,"1,957","44,903",886,853,471,17.1,3.4,16.7,3.4,15.2,68%,-
2023-08,Yellow,"90,485","2,282,461","11,442","8,341","6,933",25.8,7.8,21.7,6.7,15.9,79%,-
2023-07,FHV - Black Car,"17,464",-,"7,352","6,568","2,842",13.4,4.7,12.9,4.4,25.0,-,-
2023-07,FHV - High Volume,"617,161",-,"80,592","77,346","53,969",21.6,6.4,21.2,6.3,19.0,-,"4,795"
2023-07,FHV - Livery,"25,744",-,"6,750","6,558","3,993",18.9,4.8,18.8,4.7,19.0,-,-
2023-07,FHV - Lux Limo,959,-,"1,556","1,549",515,10.3,1.9,10.5,1.8,71.0,-,-
2023-07,Green,"1,978","43,964",882,850,464,16.9,3.4,16.5,3.4,14.9,67%,-
2023-07,Yellow,"93,315","2,347,673","11,396","8,306","6,811",25.4,7.9,21.5,6.8,18.3,79%,-
2023-06,FHV - Black Car,"17,742",-,"7,183","6,449","2,899",13.5,4.7,13.0,4.4,26.0,-,-
2023-06,FHV - High Volume,"645,549",-,"81,025","77,565","55,701",21.5,6.5,21.1,6.4,20.0,-,"4,201"
2023-06,FHV - Livery,"22,559",-,"5,520","5,320","3,359",18.9,5.0,18.8,4.8,20.0,-,-
2023-06,FHV - Lux Limo,"1,245",-,"1,625","1,569",606,11.6,2.0,11.5,2.0,70.0,-,-
2023-06,Green,"2,184","48,844",889,855,479,16.8,3.6,16.4,3.5,15.5,69%,-
2023-06,Yellow,"109,766","2,802,472","11,736","8,384","7,171",25.7,8.4,21.5,7.2,16.6,81%,-
2023-05,FHV - Black Car,"21,770",-,"7,508","6,844","3,318",15.0,5.0,14.6,4.7,29.0,-,-
2023-05,FHV - High Volume,"640,244",-,"80,394","77,106","55,261",22.2,6.5,21.8,6.4,20.0,-,"4,318"
2023-05,FHV - Livery,"22,406",-,"5,601","5,361","3,367",19.5,4.9,19.1,4.8,20.0,-,-
2023-05,FHV - Lux Limo,"1,544",-,"1,622","1,622",631,12.1,2.3,12.4,2.2,64.0,-,-
2023-05,Green,"2,231","48,349",922,879,475,16.8,3.7,16.3,3.6,15.3,68%,-
2023-05,Yellow,"112,843","2,867,319","11,661","8,317","7,186",26.8,8.6,22.4,7.3,16.8,81%,-
2023-04,FHV - Black Car,"20,381",-,"7,401","6,846","3,185",14.0,4.9,13.7,4.7,28.0,-,-
2023-04,FHV - High Volume,"638,161",-,"79,657","76,511","54,269",21.3,6.5,20.9,6.4,19.0,-,"3,515"
2023-04,FHV - Livery,"20,791",-,"5,453","5,262","3,159",18.0,4.9,17.8,4.8,20.0,-,-
2023-04,FHV - Lux Limo,"1,201",-,"1,577","1,548",583,11.3,2.0,11.3,2.0,68.0,-,-
2023-04,Green,"2,179","45,836",933,884,481,16.3,3.5,15.8,3.5,14.6,67%,-
2023-04,Yellow,"109,071","2,704,765","11,236","8,172","6,916",25.4,8.4,21.5,7.3,15.9,80%,-
2023-03,FHV - Black Car,"21,445",-,"7,597","7,102","3,433",15.0,4.8,14.7,4.6,28.0,-,-
2023-03,FHV - High Volume,"658,499",-,"79,004","75,941","55,118",22.5,6.6,22.1,6.4,19.0,-,"12,983"
2023-03,FHV - Livery,"20,960",-,"4,984","4,797","3,038",19.6,5.1,19.4,5.0,20.0,-,-
2023-03,FHV - Lux Limo,"1,325",-,"1,582","1,560",640,12.7,2.1,12.9,2.0,66.0,-,-
2023-03,Green,"2,323","47,270",942,884,498,17.5,3.6,16.8,3.5,14.5,66%,-
2023-03,Yellow,"109,230","2,658,778","11,235","8,119","6,970",26.6,8.5,22.5,7.3,15.5,81%,-
2023-02,FHV - Black Car,"19,630",-,"7,279","6,846","3,208",13.1,4.7,12.9,4.5,27.0,-,-
2023-02,FHV - High Volume,"641,461",-,"77,137","74,404","53,180",20.0,6.6,19.7,6.4,18.0,-,"10,811"
2023-02,FHV - Livery,"19,739",-,"4,854","4,670","2,970",17.8,5.0,17.5,4.9,19.0,-,-
2023-02,FHV - Lux Limo,"1,192",-,"1,466","1,424",564,11.1,2.1,11.1,2.0,64.0,-,-
2023-02,Green,"2,313","46,203",928,891,504,15.8,3.6,15.5,3.5,14.1,66%,-
2023-02,Yellow,"103,632","2,440,127","10,762","7,886","6,679",23.7,8.4,20.2,7.2,14.7,81%,-
2023-01,FHV - Black Car,"16,286",-,"7,291","6,903","2,925",13.1,4.3,12.9,4.2,25.0,-,-
2023-01,FHV - High Volume,"596,095",-,"77,641","74,553","50,996",21.2,6.4,20.7,6.3,18.0,-,"9,998"
2023-01,FHV - Livery,"19,638",-,"4,913","4,747","2,878",18.8,4.9,18.5,4.8,18.0,-,-
2023-01,FHV - Lux Limo,"1,075",-,"1,514","1,482",540,11.3,2.0,11.4,1.9,63.0,-,-
2023-01,Green,"2,199","43,733",960,911,488,16.6,3.5,16.1,3.5,13.8,65%,-
2023-01,Yellow,"98,569","2,335,375","10,594","7,737","6,354",25.5,8.2,21.6,7.1,14.4,80%,-
2022-12,FHV - Black Car,"20,152",-,"8,044","7,743","3,307",13.2,4.6,13.0,4.5,28.0,-,-
2022-12,FHV - High Volume,"634,379",-,"78,091","74,877","52,087",21.6,6.6,21.1,6.4,19.0,-,"10,672"
2022-12,FHV - Livery,"20,097",-,"4,376","4,204","2,793",20.6,5.1,20.2,5.0,19.0,-,-
2022-12,FHV - Lux Limo,"1,120",-,"1,712","1,656",544,10.2,2.0,10.1,2.0,69.0,-,-
2022-12,Green,"2,336","45,204",966,942,496,16.3,3.6,16.1,3.5,15.9,66%,-
2022-12,Yellow,"109,287","2,358,881","10,751","7,791","6,529",26.0,8.7,22.0,7.5,16.9,78%,-
2022-11,FHV - Black Car,"17,581",-,"7,444","7,394","3,250",13.2,4.2,13.2,4.2,30.0,-,-
2022-11,FHV - High Volume,"602,819",-,"77,228","74,237","51,703",20.9,6.5,20.5,6.3,19.0,-,"9,397"
2022-11,FHV - Livery,"19,089",-,"4,506","4,328","2,852",19.8,5.0,19.4,4.9,21.0,-,-
2022-11,FHV - Lux Limo,"1,303",-,"1,648","1,611",616,11.5,2.1,11.4,2.1,69.0,-,-
2022-11,Green,"2,076","35,983",958,910,458,15.1,3.5,14.5,3.4,16.2,69%,-
2022-11,Yellow,"108,146","2,088,889","10,804","7,685","6,100",23.8,9.1,19.9,7.7,16.5,80%,-
2022-10,FHV - Black Car,"17,377",-,"7,498","7,165","3,169",13.7,4.3,13.4,4.2,30.0,-,-
2022-10,FHV - High Volume,"622,770",-,"76,651","73,747","51,532",21.7,6.6,21.2,6.5,20.0,-,"3,573"
2022-10,FHV - Livery,"19,930",-,"4,530","4,328","2,906",20.8,5.0,20.4,4.9,20.0,-,-
2022-10,FHV - Lux Limo,"1,428",-,"1,729","1,650",647,12.2,2.2,12.0,2.1,69.0,-,-
2022-10,Green,"2,236","39,956",966,929,485,16.2,3.5,15.8,3.5,16.5,69%,-
2022-10,Yellow,"118,197","2,301,955","10,737","7,585","6,442",26.3,9.2,21.9,7.8,16.7,79%,-
2022-09,FHV - Black Car,"17,606",-,"7,330","7,084","3,117",13.2,4.3,13.1,4.2,29.0,-,-
2022-09,FHV - High Volume,"593,114",-,"75,194","72,616","49,980",20.6,6.6,20.3,6.5,20.0,-,443
2022-09,FHV - Livery,"21,664",-,"4,664","4,492","3,020",20.2,5.1,19.8,5.0,21.0,-,-
2022-09,FHV - Lux Limo,"1,384",-,"1,749","1,664",630,11.4,2.2,11.1,2.1,72.0,-,-
2022-09,Green,"2,300","43,805",964,928,491,15.9,3.6,15.4,3.5,17.2,69%,-
2022-09,Yellow,"105,917","2,109,566","10,249","7,380","6,005",24.4,8.9,20.4,7.6,17.2,79%,-
2022-08,FHV - Black Car,"15,140",-,"6,892","6,610","2,838",13.3,4.1,13.2,4.0,26.0,-,-
2022-08,FHV - High Volume,"554,361",-,"72,640","70,497","46,996",20.7,6.5,20.4,6.4,19.0,-,466
2022-08,FHV - Livery,"21,030",-,"4,674","4,524","2,958",20.3,5.1,20.0,5.0,19.0,-,-
2022-08,FHV - Lux Limo,986,-,"1,367","1,305",493,11.7,2.0,11.5,1.9,69.0,-,-
2022-08,Green,"2,126","38,913",961,924,475,16.0,3.5,15.5,3.4,15.8,67%,-
2022-08,Yellow,"101,327","1,918,362","9,678","7,169","5,823",25.2,8.8,21.6,7.6,15.4,77%,-
2022-07,FHV - Black Car,"15,715",-,"7,522","7,248","2,954",12.6,4.1,12.5,4.0,25.0,-,-
2022-07,FHV - High Volume,"563,353",-,"73,321","71,043","46,799",20.4,6.5,20.1,6.4,19.0,-,853
2022-07,FHV - Livery,"20,553",-,"4,718","4,562","2,890",19.6,5.1,19.4,5.0,19.0,-,-
2022-07,FHV - Lux Limo,"1,041",-,"1,562","1,513",526,10.8,2.0,10.5,1.9,69.0,-,-
2022-07,Green,"2,070","37,363",977,940,467,15.4,3.4,15.0,3.4,15.7,67%,-
2022-07,Yellow,"102,052","1,921,785","9,843","7,156","5,702",24.7,8.9,20.8,7.7,15.1,77%,-
2022-06,FHV - Black Car,"17,040",-,"7,242","7,031","3,150",13.4,4.1,13.3,4.0,28.0,-,-
2022-06,FHV - High Volume,"592,656",-,"74,020","71,552","49,341",20.7,6.6,20.3,6.5,20.0,-,133
2022-06,FHV - Livery,"21,855",-,"4,646","4,505","3,037",20.2,5.2,20.0,5.1,20.0,-,-
2022-06,FHV - Lux Limo,"1,253",-,"1,639","1,551",597,11.5,2.1,11.3,2.0,72.0,-,-
2022-06,Green,"2,456","44,690","1,040","1,004",527,15.7,3.6,15.3,3.6,16.8,68%,-
2022-06,Yellow,"118,213","2,295,511","10,101","7,246","6,136",25.4,9.4,21.5,8.0,16.3,79%,-
2022-05,FHV - Black Car,"16,527",-,"7,361","7,202","3,029",13.0,4.1,13.0,4.1,28.0,-,-
2022-05,FHV - High Volume,"585,714",-,"73,287","71,059","47,877",20.9,6.6,20.6,6.5,20.0,-,-
2022-05,FHV - Livery,"22,631",-,"4,807","4,627","3,098",20.8,5.1,20.4,5.0,20.0,-,-
2022-05,FHV - Lux Limo,"1,265",-,"1,571","1,526",577,11.7,2.2,11.7,2.1,69.0,-,-
2022-05,Green,"2,482","44,927","1,065","1,027",531,16.1,3.6,15.6,3.5,16.7,68%,-
2022-05,Yellow,"115,896","2,244,884","9,977","7,150","5,961",25.8,9.3,21.6,8.0,16.4,79%,-
2022-04,FHV - Black Car,"18,597",-,"7,941","7,319","3,322",13.6,4.2,13.2,4.0,27.0,-,-
2022-04,FHV - High Volume,"591,746",-,"72,244","70,281","48,410",20.7,6.5,20.4,6.4,19.0,-,-
2022-04,FHV - Livery,"24,329",-,"5,056","4,877","3,299",20.3,5.2,20.0,5.1,19.0,-,-
2022-04,FHV - Lux Limo,"1,451",-,"1,610","1,552",638,12.3,2.3,12.2,2.2,67.0,-,-
2022-04,Green,"2,537","43,601","1,057","1,027",546,16.0,3.5,15.7,3.5,15.9,67%,-
2022-04,Yellow,"119,627","2,219,111","9,560","7,053","5,975",25.4,9.4,21.9,8.0,15.4,79%,-
2022-03,FHV - Black Car,"17,453",-,"7,008","6,909","3,191",14.3,4.1,14.3,4.1,27.0,-,-
2022-03,FHV - High Volume,"595,270",-,"71,667","69,702","48,364",21.5,6.7,21.2,6.6,18.0,-,-
2022-03,FHV - Livery,"26,269",-,"5,355","5,186","3,495",20.9,5.3,20.7,5.2,18.0,-,-
2022-03,FHV - Lux Limo,"1,405",-,"1,501","1,445",627,13.5,2.2,13.4,2.2,65.0,-,-
2022-03,Green,"2,532","42,458","1,133","1,104",553,15.5,3.5,15.4,3.4,15.4,66%,-
2022-03,Yellow,"116,628","2,097,319","9,535","6,984","5,907",26.2,9.4,22.3,8.1,14.8,79%,-
2022-02,FHV - Black Car,"17,521",-,"7,336","7,265","3,208",12.4,4.1,12.4,4.1,26.0,-,-
2022-02,FHV - High Volume,"572,114",-,"68,998","67,536","46,279",19.2,6.6,19.0,6.5,18.0,-,-
2022-02,FHV - Livery,"26,237",-,"5,453","5,299","3,548",18.8,5.2,18.6,5.1,18.0,-,-
2022-02,FHV - Lux Limo,"1,267",-,"1,473","1,416",597,11.8,2.1,11.6,2.1,64.0,-,-
2022-02,Green,"2,478","40,483","1,121","1,085",565,14.6,3.4,14.3,3.3,15.1,65%,-
2022-02,Yellow,"106,036","1,805,858","8,989","6,734","5,591",23.2,9.1,20.1,7.9,14.0,80%,-
2022-01,FHV - Black Car,"13,440",-,"7,171","7,136","2,625",11.4,3.9,11.5,3.9,24.0,-,-
2022-01,FHV - High Volume,"475,854",-,"68,531","66,855","41,326",19.2,6.3,18.9,6.2,17.0,-,-
2022-01,FHV - Livery,"22,633",-,"5,581","5,470","3,192",18.1,5.0,18.0,4.9,16.0,-,-
2022-01,FHV - Lux Limo,763,-,"1,243","1,206",407,10.5,1.9,10.5,1.8,61.0,-,-
2022-01,Green,"2,016","32,513","1,162","1,136",523,14.3,3.1,14.2,3.0,14.3,64%,-
2022-01,Yellow,"79,212","1,330,576","8,803","6,653","4,989",23.3,8.2,20.0,7.2,12.7,78%,-
2021-12,FHV - Black Car,"15,731",-,"7,658","7,579","2,990",12.2,4.0,12.2,4.0,27.0,-,-
2021-12,FHV - High Volume,"517,884",-,"70,302","68,257","44,289",20.1,6.4,19.8,6.3,18.0,-,-
2021-12,FHV - Livery,"26,315",-,"5,556","5,382","3,566",20.5,5.1,20.2,5.1,18.0,-,-
2021-12,FHV - Lux Limo,"1,099",-,"1,516","1,447",510,10.9,2.1,10.7,2.1,67.0,-,-
2021-12,Green,"3,223","70,839","1,299","1,232",705,17.8,3.6,17.1,3.6,19.5,69%,-
2021-12,Yellow,"103,586","1,903,868","9,552","6,908","5,657",25.4,9.0,21.5,7.7,15.2,76%,-
2021-11,FHV - Black Car,"12,168",-,"5,115","4,985","2,294",13.8,4.0,13.7,4.0,27.0,-,-
2021-11,FHV - High Volume,"534,718",-,"69,410","67,433","44,979",20.0,6.5,19.7,6.4,19.0,-,-
2021-11,FHV - Livery,"26,927",-,"5,595","5,431","3,534",19.5,5.0,19.3,4.9,20.0,-,-
2021-11,FHV - Lux Limo,"1,376",-,"1,537","1,455",603,12.4,2.3,12.2,2.2,68.0,-,-
2021-11,Green,"3,607","82,075","1,311","1,269",741,17.5,3.9,17.2,3.8,20.6,72%,-
2021-11,Yellow,"115,660","2,103,000","9,516","6,810","5,763",25.4,9.5,21.3,8.2,15.3,78%,-
2021-10,FHV - Black Car,"12,216",-,"5,340","5,210","2,297",13.7,4.0,13.6,4.0,28.0,-,-
2021-10,FHV - High Volume,"533,649",-,"68,927","66,935","44,408",20.6,6.6,20.3,6.5,19.0,-,277
2021-10,FHV - Livery,"26,619",-,"5,664","5,465","3,482",19.8,5.0,19.5,5.0,20.0,-,-
2021-10,FHV - Lux Limo,"1,203",-,"1,452","1,395",554,12.3,2.1,11.9,2.1,69.0,-,-
2021-10,Green,"3,574","82,092","1,311","1,251",736,18.3,3.9,17.6,3.8,21.0,73%,-
2021-10,Yellow,"111,643","1,993,304","9,154","6,600","5,555",26.1,9.5,21.7,8.2,15.1,79%,-
2021-09,FHV - Black Car,"11,874",-,"5,009","4,899","2,129",13.0,4.1,12.9,4.1,28.0,-,-
2021-09,FHV - High Volume,"496,112",-,"65,996","64,572","40,404",18.8,6.6,18.6,6.5,19.0,-,834
2021-09,FHV - Livery,"25,476",-,"5,584","5,441","3,374",18.6,5.0,18.4,4.9,20.0,-,-
2021-09,FHV - Lux Limo,"1,052",-,"1,396","1,321",496,11.3,2.1,10.9,2.0,73.0,-,-
2021-09,Green,"3,190","77,260","1,216","1,173",640,16.4,4.0,15.9,3.9,21.5,73%,-
2021-09,Yellow,"98,723","1,826,376","8,502","6,218","5,069",24.5,9.0,19.9,8.1,15.2,78%,-
2021-08,FHV - Black Car,"11,562",-,"4,529","4,463","1,956",13.6,4.3,13.5,4.3,26.0,-,-
2021-08,FHV - High Volume,"467,654",-,"59,816","58,754","35,257",18.6,6.7,18.5,6.7,18.0,-,723
2021-08,FHV - Livery,"28,195",-,"5,457","5,349","3,376",19.6,5.2,19.5,5.2,19.0,-,-
2021-08,FHV - Lux Limo,740,-,"1,157","1,115",381,10.6,1.9,10.4,1.9,72.0,-,-
2021-08,Green,"2,693","63,669",944,926,509,17.1,4.1,16.9,4.1,20.0,75%,-
2021-08,Yellow,"89,924","1,612,966","7,471","5,888","4,700",24.7,8.8,21.1,8.2,13.9,76%,-
2021-07,FHV - Black Car,"12,142",-,"4,601","4,585","2,023",13.7,4.4,13.7,4.4,25.0,-,-
2021-07,FHV - High Volume,"484,745",-,"59,733","58,607","36,036",19.1,6.8,18.9,6.7,18.0,-,635
2021-07,FHV - Livery,"29,022",-,"5,599","5,491","3,491",19.7,5.2,19.6,5.1,18.0,-,-
2021-07,FHV - Lux Limo,734,-,"1,213","1,195",380,9.9,1.9,9.8,1.9,71.0,-,-
2021-07,Green,"2,698","63,047",983,950,508,16.6,4.1,16.2,4.1,20.1,74%,-
2021-07,Yellow,"91,012","1,605,064","7,350","5,782","4,631",24.8,8.9,21.1,8.3,13.9,76%,-
2021-06,FHV - Black Car,"14,228",-,"4,697","4,685","2,294",14.7,4.5,14.7,4.5,25.0,-,-
2021-06,FHV - High Volume,"498,685",-,"58,802","57,863","36,925",19.1,6.9,19.0,6.9,19.0,-,124
2021-06,FHV - Livery,"29,578",-,"6,037","5,921","3,741",19.0,5.0,18.8,5.0,19.0,-,-
2021-06,FHV - Lux Limo,932,-,"1,190","1,161",440,11.4,2.1,11.3,2.1,71.0,-,-
2021-06,Green,"2,891","65,832","1,001",975,531,16.3,4.2,16.1,4.2,20.5,74%,-
2021-06,Yellow,"94,462","1,623,722","7,089","5,646","4,577",24.3,9.1,20.9,8.5,14.1,77%,-
2021-05,FHV - Black Car,"13,244",-,"4,389","4,372","2,106",14.9,4.6,15.0,4.6,24.0,-,-
2021-05,FHV - High Volume,"474,809",-,"56,874","56,112","34,404",19.0,6.9,18.9,6.9,18.0,-,149
2021-05,FHV - Livery,"28,073",-,"5,380","5,292","3,384",19.8,5.2,19.8,5.2,18.0,-,-
2021-05,FHV - Lux Limo,742,-,984,928,350,11.7,2.1,11.2,2.1,67.0,-,-
2021-05,Green,"2,843","65,571",980,952,517,16.8,4.3,16.5,4.2,20.0,77%,-
2021-05,Yellow,"80,862","1,355,888","6,587","5,238","4,113",24.3,8.8,20.6,8.2,13.4,77%,-
2021-04,FHV - Black Car,"13,781",-,"4,454","4,454","2,235",15.1,4.6,15.1,4.6,24.0,-,-
2021-04,FHV - High Volume,"470,377",-,"54,487","53,748","33,360",18.6,7.0,18.5,6.9,17.0,-,235
2021-04,FHV - Livery,"28,912",-,"5,484","5,359","3,435",19.2,5.3,19.1,5.2,18.0,-,-
2021-04,FHV - Lux Limo,753,-,"1,008",971,367,11.4,2.0,11.2,2.0,60.0,-,-
2021-04,Green,"2,897","67,893",954,928,515,16.7,4.4,16.4,4.3,20.1,78%,-
2021-04,Yellow,"71,986","1,182,845","6,102","4,924","3,889",23.7,8.6,20.2,8.1,13.0,77%,-
2021-03,FHV - Black Car,"13,226",-,"4,084","4,079","2,085",15.8,4.6,15.9,4.6,23.0,-,-
2021-03,FHV - High Volume,"458,946",-,"52,123","51,761","31,639",18.9,7.1,19.0,7.0,17.0,-,167
2021-03,FHV - Livery,"29,605",-,"5,498","5,389","3,506",20.2,5.4,20.1,5.3,17.0,-,-
2021-03,FHV - Lux Limo,715,-,911,903,346,11.9,2.0,12.0,2.0,55.0,-,-
2021-03,Green,"2,703","62,416",952,932,483,16.1,4.4,15.9,4.4,18.9,79%,-
2021-03,Yellow,"61,643","979,152","5,765","4,719","3,652",24.0,8.3,20.6,7.9,12.3,76%,-
2021-02,FHV - Black Car,"11,157",-,"3,686","3,683","1,791",13.6,4.6,13.6,4.6,23.0,-,-
2021-02,FHV - High Volume,"414,782",-,"47,208","47,272","28,639",17.0,7.1,17.1,7.1,16.0,-,48
2021-02,FHV - Livery,"25,292",-,"5,128","5,041","3,069",17.1,5.3,17.0,5.2,17.0,-,-
2021-02,FHV - Lux Limo,600,-,814,805,284,9.9,2.1,10.0,2.0,54.0,-,-
2021-02,Green,"2,305","52,276",904,881,446,14.2,4.1,13.9,4.1,18.8,79%,-
2021-02,Yellow,"48,499","755,111","5,276","4,496","3,182",19.8,7.9,17.6,7.6,12.4,76%,-
2021-01,FHV - Black Car,"11,164",-,"4,078","4,072","1,881",14.3,4.4,14.3,4.4,22.0,-,-
2021-01,FHV - High Volume,"383,951",-,"47,623","47,594","28,584",18.6,6.9,18.7,6.8,15.0,-,38
2021-01,FHV - Livery,"25,157",-,"5,384","5,287","3,256",19.1,5.1,19.0,5.1,15.0,-,-
2021-01,FHV - Lux Limo,529,-,793,769,265,10.7,2.0,10.6,1.9,50.0,-,-
2021-01,Green,"2,467","56,409",991,982,491,15.5,4.1,15.5,4.0,17.4,79%,-
2021-01,Yellow,"44,052","688,808","5,396","4,625","3,256",21.8,7.5,19.4,7.3,11.6,75%,-
2020-12,FHV - Black Car,"11,359",-,"4,247","4,223","1,932",14.2,4.5,14.1,4.4,22.0,-,-
2020-12,FHV - High Volume,"375,389",-,"51,535","51,548","32,500",19.5,6.5,19.7,6.5,16.0,-,32
2020-12,FHV - Livery,"24,857",-,"5,597","5,489","3,354",18.9,5.0,18.8,5.0,16.0,-,-
2020-12,FHV - Lux Limo,537,-,823,796,266,10.4,2.0,10.2,2.0,54.0,-,-
2020-12,Green,"2,681","60,329","1,095","1,087",560,16.0,3.9,16.0,3.9,18.1,76%,-
2020-12,Yellow,"47,143","744,814","6,092","5,142","3,757",22.7,7.4,19.8,7.1,12.4,74%,-
2020-11,FHV - Black Car,"12,454",-,"4,608","4,607","2,117",13.8,4.5,13.8,4.5,23.0,-,-
2020-11,FHV - High Volume,"386,560",-,"53,018","52,960","34,090",19.3,6.4,19.5,6.4,16.0,-,36
2020-11,FHV - Livery,"25,639",-,"5,568","5,486","3,482",19.0,5.0,19.0,4.9,16.0,-,-
2020-11,FHV - Lux Limo,490,-,755,734,246,10.1,2.0,10.0,1.9,59.0,-,-
2020-11,Green,"2,953","66,502","1,137","1,106",610,16.6,4.0,16.4,3.9,18.2,77%,-
2020-11,Yellow,"50,286","786,221","6,315","5,209","3,868",22.3,7.5,19.2,7.2,12.4,75%,-
2020-10,FHV - Black Car,"12,540",-,"4,620","4,598","2,183",14.7,4.4,14.7,4.4,24.0,-,-
2020-10,FHV - High Volume,"427,396",-,"52,379","52,290","33,969",20.1,6.8,20.3,6.7,17.0,-,47
2020-10,FHV - Livery,"27,559",-,"5,891","5,766","3,636",19.6,5.1,19.5,5.0,17.0,-,-
2020-10,FHV - Lux Limo,567,-,889,868,286,10.2,2.0,10.2,1.9,61.0,-,-
2020-10,Green,"3,067","68,558","1,137","1,117",605,16.8,4.1,16.7,4.1,18.4,76%,-
2020-10,Yellow,"54,218","880,037","6,144","5,092","3,728",22.7,8.0,19.7,7.6,12.6,75%,-
2020-09,FHV - Black Car,"13,146",-,"4,650","4,654","2,221",14.3,4.6,14.4,4.5,25.0,-,-
2020-09,FHV - High Volume,"403,096",-,"50,594","50,391","31,535",18.8,6.8,18.9,6.8,17.0,-,32
2020-09,FHV - Livery,"26,230",-,"5,478","5,350","3,427",19.2,5.1,19.0,5.1,17.0,-,-
2020-09,FHV - Lux Limo,527,-,805,779,258,10.0,2.0,9.8,2.0,62.0,-,-
2020-09,Green,"2,932","66,854","1,123","1,100",575,15.7,4.1,15.5,4.1,18.6,75%,-
2020-09,Yellow,"44,686","708,390","5,707","4,914","3,258",19.9,7.6,17.8,7.3,12.6,73%,-
2020-08,FHV - Black Car,"9,723",-,"3,838","3,856","1,673",13.5,4.4,13.5,4.4,24.0,-,-
2020-08,FHV - High Volume,"357,610",-,"48,984","48,680","28,731",18.3,6.7,18.4,6.6,17.0,-,10
2020-08,FHV - Livery,"25,507",-,"5,405","5,291","3,263",19.1,5.2,19.0,5.1,17.0,-,-
2020-08,FHV - Lux Limo,449,-,694,691,207,9.3,2.1,9.4,2.1,56.0,-,-
2020-08,Green,"2,614","62,689","1,143","1,128",545,15.0,4.0,15.0,3.9,18.7,73%,-
2020-08,Yellow,"32,492","548,766","5,373","4,759","2,790",18.2,6.9,16.7,6.6,12.6,70%,-
2020-07,FHV - Black Car,"8,692",-,"3,113","3,128","1,446",14.3,4.6,14.4,4.6,25.0,-,-
2020-07,FHV - High Volume,"320,999",-,"38,310","38,380","21,221",17.1,7.2,17.3,7.2,16.0,-,3
2020-07,FHV - Livery,"23,110",-,"4,473","4,318","2,760",19.8,5.5,19.4,5.4,17.0,-,-
2020-07,FHV - Lux Limo,436,-,597,567,186,10.2,2.3,9.8,2.3,52.0,-,-
2020-07,Green,"2,330","54,821",936,924,430,14.4,4.3,14.4,4.2,18.1,72%,-
2020-07,Yellow,"25,819","439,016","3,991","3,806","1,952",15.9,7.1,15.7,6.8,12.5,69%,-
2020-06,FHV - Black Car,"9,323",-,"3,157","3,165","1,533",14.5,4.6,14.6,4.6,22.0,-,-
2020-06,FHV - High Volume,"251,696",-,"29,832","30,131","17,665",17.6,7.1,17.9,7.0,16.0,-,-
2020-06,FHV - Livery,"22,723",-,"4,250","4,192","2,770",19.8,5.3,19.8,5.3,16.0,-,-
2020-06,FHV - Lux Limo,315,-,447,431,141,9.9,2.2,9.7,2.1,51.0,-,-
2020-06,Green,"2,103","46,850",856,850,408,14.4,4.1,14.5,4.0,17.5,71%,-
2020-06,Yellow,"18,326","314,473","2,970","2,966","1,554",15.7,6.7,16.2,6.5,12.4,67%,-
2020-05,FHV - Black Car,"6,180",-,"2,851","2,861","1,186",12.9,4.1,12.9,4.1,20.0,-,-
2020-05,FHV - High Volume,"196,447",-,"27,675","27,881","16,073",17.9,6.4,18.1,6.4,15.0,-,-
2020-05,FHV - Livery,"17,042",-,"3,874","3,838","2,329",18.8,4.9,18.9,4.9,14.0,-,-
2020-05,FHV - Lux Limo,191,-,343,344,96,8.7,2.0,8.7,1.9,47.0,-,-
2020-05,Green,"1,850","38,441",830,819,405,15.3,3.7,15.3,3.7,16.5,72%,-
2020-05,Yellow,"11,237","206,544","2,606","2,613","1,298",15.4,5.7,15.9,5.6,11.9,66%,-
2020-04,FHV - Black Car,"5,103",-,"2,413","2,425",982,12.2,4.1,12.2,4.1,19.0,-,-
2020-04,FHV - High Volume,"143,762",-,"22,390","22,527","11,544",15.4,6.1,15.6,6.1,13.0,-,-
2020-04,FHV - Livery,"10,719",-,"2,816","2,794","1,447",15.5,5.1,15.6,5.0,13.0,-,-
2020-04,FHV - Lux Limo,148,-,319,337,75,6.7,1.9,7.1,1.9,48.0,-,-
2020-04,Green,"1,187","22,524",669,669,278,12.5,3.4,12.6,3.4,14.5,65%,-
2020-04,Yellow,"7,931","119,152","2,212","2,196",983,13.4,5.3,13.8,5.1,9.9,63%,-
2020-03,FHV - Black Car,"13,708",-,"8,345","8,342","2,917",10.8,3.8,10.9,3.8,24.0,-,-
2020-03,FHV - High Volume,"432,027",-,"76,604","75,506","35,735",14.7,6.1,14.6,6.0,16.0,-,"41,051"
2020-03,FHV - Livery,"25,153",-,"7,553","7,315","3,689",15.6,5.0,15.4,4.9,16.0,-,-
2020-03,FHV - Lux Limo,"1,060",-,"2,194","2,063",531,8.0,2.0,7.8,1.9,61.0,-,-
2020-03,Green,"7,208","114,041","2,692","2,560","1,248",15.1,4.4,14.7,4.3,15.2,62%,-
2020-03,Yellow,"97,004","1,620,621","19,065","11,318","6,162",16.9,8.8,13.2,6.7,13.0,74%,-
2020-02,FHV - Black Car,"20,412",-,"8,415","8,403","4,238",14.6,3.9,14.7,3.9,27.0,-,-
2020-02,FHV - High Volume,"749,129",-,"79,282","78,090","55,139",20.5,6.6,20.5,6.5,17.0,-,"97,117"
2020-02,FHV - Livery,"34,822",-,"7,227","6,969","4,864",20.2,5.3,19.9,5.2,17.0,-,-
2020-02,FHV - Lux Limo,"2,472",-,"2,472","2,343","1,071",13.3,2.3,13.1,2.2,63.0,-,-
2020-02,Green,"13,743","240,816","2,844","2,675","2,006",21.8,5.0,20.9,4.9,15.4,44%,-
2020-02,Yellow,"217,216","3,556,087","20,123","11,418","10,349",26.3,10.8,20.9,7.7,13.5,74%,-
2020-01,FHV - Black Car,"22,982",-,"8,869","8,882","4,539",15.8,4.0,15.9,4.0,25.0,-,-
2020-01,FHV - High Volume,"663,524",-,"80,726","79,289","53,607",21.0,6.2,20.9,6.1,17.0,-,"90,559"
2020-01,FHV - Livery,"37,306",-,"8,116","7,861","5,249",20.7,5.2,20.4,5.1,17.0,-,-
2020-01,FHV - Lux Limo,"2,474",-,"2,595","2,575","1,103",13.3,2.2,13.6,2.2,61.0,-,-
2020-01,Green,"13,446","236,992","2,876","2,703","1,997",22.9,5.0,22.0,4.9,15.3,44%,-
2020-01,Yellow,"206,604","3,403,736","20,131","11,435","10,080",27.3,10.5,21.7,7.5,13.1,73%,-
2019-12,FHV - Black Car,"20,184",-,"8,331","8,304","4,066",15.2,3.9,15.2,3.9,28.0,-,-
2019-12,FHV - High Volume,"717,517",-,"82,528","80,925","55,797",21.4,6.5,21.3,6.4,18.0,-,"93,421"
2019-12,FHV - Livery,"41,272",-,"8,297","8,049","5,544",21.4,5.3,21.1,5.2,18.0,-,-
2019-12,FHV - Lux Limo,"2,736",-,"2,771","2,724","1,144",13.0,2.4,13.1,2.3,71.0,-,-
2019-12,Green,"11,598","162,078","2,904","2,731","1,834",20.8,4.4,20.0,4.4,13.6,53%,-
2019-12,Yellow,"220,786","3,806,944","20,829","11,478","10,260",27.7,10.7,21.7,7.5,15.0,71%,-
2019-11,FHV - Black Car,"16,612",-,"7,237","7,219","3,645",15.2,3.7,15.2,3.7,28.0,-,-
2019-11,FHV - High Volume,"721,170",-,"83,017","81,286","57,241",21.1,6.5,21.0,6.4,19.0,-,"103,379"
2019-11,FHV - Livery,"35,889",-,"7,524","7,293","5,086",20.9,5.2,20.7,5.1,18.0,-,-
2019-11,FHV - Lux Limo,"2,017",-,"1,853","1,776",835,14.1,2.4,14.0,2.3,67.0,-,-
2019-11,Green,"12,068","170,328","2,969","2,781","1,904",20.5,4.5,19.7,4.4,13.8,55%,-
2019-11,Yellow,"227,654","3,872,769","20,934","11,431","10,441",27.4,11.0,21.7,7.6,14.8,73%,-
2019-10,FHV - Black Car,"16,245",-,"7,120","7,071","3,757",16.5,3.6,16.4,3.6,29.0,-,-
2019-10,FHV - High Volume,"682,635",-,"83,865","82,051","57,764",21.8,6.4,21.7,6.3,19.0,-,"107,676"
2019-10,FHV - Livery,"38,855",-,"8,217","7,920","5,503",21.5,5.2,21.2,5.1,18.0,-,-
2019-10,FHV - Lux Limo,"3,105",-,"2,682","2,530","1,256",15.4,2.4,15.1,2.4,69.0,-,-
2019-10,Green,"12,470","178,014","3,004","2,818","1,990",21.9,4.5,21.0,4.4,14.0,56%,-
2019-10,Yellow,"231,171","4,006,128","20,880","11,380","10,476",28.5,11.2,22.5,7.7,15.1,73%,-
2019-09,FHV - Black Car,"12,373",-,"5,499","5,417","2,846",15.8,3.5,15.6,3.5,32.0,-,-
2019-09,FHV - High Volume,"668,520",-,"84,306","82,206","56,795",20.7,6.4,20.5,6.2,19.0,-,"107,780"
2019-09,FHV - Livery,"19,312",-,"4,183","3,979","2,633",19.9,5.3,19.2,5.2,21.0,-,-
2019-09,FHV - Lux Limo,"2,739",-,"2,522","2,402","1,098",13.7,2.5,13.5,2.4,75.0,-,-
2019-09,Green,"12,985","190,621","3,033","2,856","2,048",21.5,4.6,20.6,4.5,14.3,55%,-
2019-09,Yellow,"217,747","3,814,692","20,369","11,302","10,066",26.7,10.9,21.0,7.7,16.0,72%,-
2019-08,FHV - Black Car,"12,787",-,"5,874","5,845","2,964",15.7,3.4,15.7,3.4,32.0,-,-
2019-08,FHV - High Volume,"648,961",-,"83,709","82,693","55,289",20.8,6.3,20.8,6.2,18.0,-,"104,983"
2019-08,FHV - Livery,"38,815",-,"8,104","7,824","5,441",21.6,5.3,21.3,5.2,18.0,-,-
2019-08,FHV - Lux Limo,"2,099",-,"2,389","2,311",969,13.0,2.1,12.9,2.1,73.0,-,-
2019-08,Green,"12,866","188,318","3,033","2,841","2,011",22.0,4.6,20.9,4.6,13.9,54%,-
2019-08,Yellow,"194,798","3,385,162","19,583","11,237","9,741",26.9,10.4,21.4,7.5,14.3,70%,-
2019-07,FHV - Black Car,"13,993",-,"5,995","5,968","2,914",15.1,3.7,15.1,3.7,29.0,-,-
2019-07,FHV - High Volume,"654,230",-,"85,896","84,609","57,048",21.0,6.2,20.9,6.1,18.0,-,"104,074"
2019-07,FHV - Livery,"41,492",-,"8,474","8,150","5,682",21.6,5.3,21.3,5.2,18.0,-,-
2019-07,FHV - Lux Limo,"2,013",-,"2,105","2,013",881,13.6,2.3,13.4,2.2,73.0,-,-
2019-07,Green,"13,969","205,934","3,179","2,985","2,125",22.1,4.7,21.1,4.6,14.2,55%,-
2019-07,Yellow,"202,443","3,501,565","20,206","11,366","9,894",27.0,10.5,21.4,7.5,14.5,70%,-
2019-06,FHV - Black Car,"14,233",-,"5,876","5,858","2,988",15.3,3.7,15.3,3.7,29.0,-,-
2019-06,FHV - High Volume,"700,036",-,"87,131","85,712","58,847",20.7,6.3,20.6,5.8,19.0,-,"101,645"
2019-06,FHV - Livery,"43,938",-,"8,569","8,224","5,856",21.4,5.4,21.1,5.3,18.0,-,-
2019-06,FHV - Lux Limo,"2,276",-,"2,124","2,140",993,13.9,2.3,14.1,2.3,71.0,-,-
2019-06,Green,"15,690","235,578","3,292","3,080","2,216",21.6,5.0,20.7,4.8,15.0,55%,-
2019-06,Yellow,"231,335","4,042,788","20,728","11,533","10,274",26.7,11.0,21.3,7.7,15.1,72%,-
2019-05,FHV - Black Car,"16,186",-,"6,211","6,171","3,237",16.3,3.9,16.2,3.8,27.0,-,-
2019-05,FHV - High Volume,"720,263",-,"87,719","86,391","59,902",21.6,6.2,21.5,6.2,19.0,-,"124,106"
2019-05,FHV - Livery,"44,781",-,"8,581","8,228","5,868",22.1,5.5,21.7,5.3,17.0,-,-
2019-05,FHV - Lux Limo,"2,657",-,"2,245","2,256","1,100",15.1,2.4,15.1,2.4,70.0,-,-
2019-05,Green,"16,248","243,583","3,393","3,170","2,351",23.0,4.8,22.0,4.7,15.1,56%,-
2019-05,Yellow,"244,017","4,214,808","21,042","11,689","10,494",27.8,11.2,22.3,7.7,14.9,72%,-
2019-04,FHV - Black Car,"15,660",-,"5,824","5,795","3,126",16.2,3.9,16.2,3.8,27.0,-,-
2019-04,FHV - High Volume,"724,388",-,"87,779","86,463","59,121",20.6,6.3,20.5,6.2,19.0,-,"141,734"
2019-04,FHV - Livery,"44,846",-,"8,469","8,175","5,844",21.4,5.5,21.1,5.4,17.0,-,-
2019-04,FHV - Lux Limo,"2,584",-,"2,374","2,391","1,118",14.0,2.3,14.1,2.3,67.0,-,-
2019-04,Green,"17,080","249,506","3,508","3,249","2,423",22.4,4.9,21.2,4.8,14.3,56%,-
2019-04,Yellow,"247,742","4,215,927","21,595","11,786","10,674",27.2,11.3,21.4,7.8,14.3,72%,-
2019-03,FHV - Black Car,"8,778",-,"4,513","4,498","1,916",13.2,3.5,13.3,3.5,23.0,-,-
2019-03,FHV - High Volume,"769,729",-,"87,695","86,540","59,893",21.6,6.4,21.5,6.4,19.0,-,"157,704"
2019-03,FHV - Livery,"32,099",-,"8,216","7,918","4,737",18.5,4.9,18.3,4.8,17.0,-,-
2019-03,FHV - Lux Limo,"1,513",-,"1,786","1,799",698,12.0,2.1,12.0,2.1,62.0,-,-
2019-03,Green,"19,318","305,302","3,586","3,296","2,524",23.7,5.4,22.3,5.2,15.8,60%,-
2019-03,Yellow,"252,634","4,289,036","21,956","11,912","10,814",28.1,11.4,22.3,7.9,14.1,73%,-
2019-02,FHV - Black Car,"13,692",-,"5,129","5,103","2,811",15.4,3.8,15.4,3.8,28.0,-,-
2019-02,FHV - High Volume,"719,853",-,"86,296","85,403","58,980",19.5,6.3,19.4,6.2,18.0,-,"171,912"
2019-02,FHV - Livery,"44,638",-,"8,776","8,440","5,992",19.9,5.4,19.6,5.3,17.0,-,-
2019-02,FHV - Lux Limo,"2,467",-,"2,147","2,142","1,034",13.5,2.4,13.6,2.3,65.0,-,-
2019-02,Green,"20,481","325,509","3,626","3,385","2,651",21.9,5.4,20.9,5.3,15.7,62%,-
2019-02,Yellow,"250,654","4,105,322","21,733","11,895","10,770",25.4,11.3,20.1,7.8,13.6,74%,-
2019-01,FHV - Black Car,"15,024",-,"6,111","6,072","3,156",16.1,3.7,16.1,3.7,27.0,-,104
2019-01,FHV - High Volume,"683,692",-,"86,715","84,698","56,530",20.7,6.2,20.5,6.1,18.0,-,"157,678"
2019-01,FHV - Livery,"41,974",-,"8,717","8,368","5,834",21.6,5.3,21.1,5.2,17.0,-,30
2019-01,FHV - Lux Limo,"2,573",-,"2,675","2,533","1,137",13.9,2.2,13.7,2.2,63.0,-,-
2019-01,Green,"20,327","309,210","3,705","3,442","2,642",23.8,5.4,22.6,5.3,15.0,62%,-
2019-01,Yellow,"247,315","3,413,625","22,085","11,867","10,582",27.6,11.1,21.5,7.7,12.8,72%,-
2018-12,FHV - Black Car,"16,120",-,"7,321","7,286","3,463",14.7,3.6,14.8,3.6,30.0,-,128
2018-12,FHV - High Volume,"701,180",-,"86,788","85,146","56,844",20.7,6.3,20.6,6.2,20.0,-,"164,666"
2018-12,FHV - Livery,"48,951",-,"9,682","9,247","6,460",21.7,5.5,21.2,5.3,18.0,-,35
2018-12,FHV - Lux Limo,"3,025",-,"3,083","2,991","1,260",13.1,2.4,13.1,2.3,70.0,-,-
2018-12,Green,"22,083","341,294","3,777","3,468","2,720",24.3,5.6,22.9,5.4,15.7,59%,-
2018-12,Yellow,"263,609","3,852,809","23,042","11,938","10,803",28.1,11.5,21.7,7.7,14.7,68%,-
2018-11,FHV - Black Car,"17,791",-,"7,362","7,340","3,891",15.9,3.6,15.9,3.6,30.0,-,"17,734"
2018-11,FHV - High Volume,"691,379",-,"85,496","83,271","56,908",20.5,6.3,20.3,6.2,20.0,-,"160,672"
2018-11,FHV - Livery,"47,205",-,"9,584","9,195","6,464",21.1,5.4,20.7,5.2,18.0,-,36
2018-11,FHV - Lux Limo,"3,622",-,"2,960","2,832","1,364",14.5,2.5,14.2,2.4,71.0,-,-
2018-11,Green,"21,858","344,302","3,767","3,490","2,742",23.6,5.5,22.3,5.4,16.4,61%,-
2018-11,Yellow,"271,501","4,035,397","23,459","11,948","11,040",27.7,11.8,21.4,7.8,15.2,70%,-
2018-10,FHV - Black Car,"18,364",-,"7,582","7,476","3,933",16.3,3.6,16.3,3.6,34.0,-,158
2018-10,FHV - High Volume,"680,433",-,"84,660","82,247","56,538",21.3,6.3,21.0,6.2,21.0,-,"176,348"
2018-10,FHV - Livery,"44,990",-,"9,558","9,182","6,382",21.5,5.3,21.2,5.2,19.0,-,34
2018-10,FHV - Lux Limo,"3,467",-,"2,835","2,696","1,384",15.9,2.5,15.6,2.4,71.0,-,-
2018-10,Green,"22,889","360,292","3,827","3,523","2,796",24.6,5.7,23.2,5.6,16.3,60%,-
2018-10,Yellow,"284,121","4,267,309","23,600","12,009","11,151",28.8,12.0,22.2,7.9,15.2,71%,-
2018-09,FHV - Black Car,"15,159",-,"6,183","6,140","3,232",15.8,3.7,15.7,3.7,32.0,-,291
2018-09,FHV - High Volume,"658,952",-,"82,782","80,536","53,842",20.1,6.4,19.8,6.3,20.0,-,"148,283"
2018-09,FHV - Livery,"42,058",-,"8,697","8,414","5,823",20.8,5.3,20.4,5.2,18.0,-,35
2018-09,FHV - Lux Limo,"2,556",-,"2,425","2,271","1,062",14.0,2.4,13.6,2.3,69.0,-,-
2018-09,Green,"22,193","345,939","3,806","3,503","2,721",23.3,5.6,21.9,5.5,15.8,57%,-
2018-09,Yellow,"267,983","3,995,849","23,055","12,007","10,741",26.8,11.7,20.6,7.9,15.0,70%,-
2018-08,FHV - Black Car,"14,455",-,"6,634","6,609","3,448",16.2,3.4,16.2,3.4,32.0,-,16
2018-08,FHV - High Volume,"642,341",-,"80,363","78,545","51,804",20.4,6.4,20.3,6.3,20.0,-,"168,299"
2018-08,FHV - Livery,"46,411",-,"9,603","9,321","6,418",21.3,5.3,21.0,5.2,18.0,-,15
2018-08,FHV - Lux Limo,"2,211",-,"2,516","2,395","1,027",13.3,2.1,13.0,2.1,68.0,-,-
2018-08,Green,"21,468","326,276","3,788","3,507","2,646",23.4,5.6,22.1,5.5,15.0,60%,-
2018-08,Yellow,"253,182","3,742,832","22,319","11,961","10,655",27.6,11.3,21.4,7.8,14.1,70%,-
2018-07,FHV - Black Car,"13,614",-,"6,242","6,188","3,086",15.5,3.4,15.4,3.4,32.0,-,13
2018-07,FHV - High Volume,"630,977",-,"79,945","78,100","51,565",20.5,6.3,20.3,6.2,20.0,-,"163,171"
2018-07,FHV - Livery,"44,963",-,"9,649","9,396","6,378",21.0,5.3,20.8,5.2,18.0,-,18
2018-07,FHV - Lux Limo,"2,377",-,"2,663","2,488","1,072",13.4,2.2,12.8,2.1,69.0,-,-
2018-07,Green,"22,048","331,003","3,909","3,588","2,754",23.8,5.5,22.4,5.4,14.8,56%,-
2018-07,Yellow,"253,186","3,735,128","23,142","12,092","10,788",27.7,11.3,21.3,7.7,14.1,68%,-
2018-06,FHV - Black Car,"17,207",-,"7,155","7,119","3,809",16.1,3.5,16.0,3.5,34.0,-,-
2018-06,FHV - High Volume,"626,423",-,"78,862","77,460","51,728",20.0,6.3,19.9,6.2,20.0,-,"143,298"
2018-06,FHV - Livery,"55,453",-,"10,655","10,332","7,357",21.4,5.5,21.1,5.3,18.0,-,18
2018-06,FHV - Lux Limo,"3,433",-,"3,135","3,062","1,431",14.0,2.4,14.2,2.3,73.0,-,-
2018-06,Green,"24,610","374,454","3,976","3,653","2,858",23.5,5.8,22.1,5.6,15.5,56%,-
2018-06,Yellow,"290,362","4,283,693","23,737","12,222","11,223",27.5,11.9,21.4,7.9,14.7,70%,-
2018-05,FHV - Black Car,"16,826",-,"7,268","7,224","3,906",16.8,3.5,16.7,3.5,35.0,-,-
2018-05,FHV - High Volume,"620,950",-,"77,775","76,382","51,355",20.8,6.3,20.7,6.2,20.0,-,"148,036"
2018-05,FHV - Livery,"55,083",-,"10,697","10,368","7,298",21.8,5.4,21.6,5.3,19.0,-,15
2018-05,FHV - Lux Limo,"3,531",-,"3,180","3,141","1,463",14.4,2.4,14.7,2.3,72.0,-,-
2018-05,Green,"25,693","386,965","4,057","3,707","2,949",24.7,5.8,23.1,5.7,15.5,56%,-
2018-05,Yellow,"297,508","4,431,220","24,330","12,317","11,396",28.7,12.1,22.3,7.9,14.9,69%,-
2018-04,FHV - Black Car,"16,088",-,"7,221","7,176","3,832",16.0,3.5,16.0,3.4,34.0,-,-
2018-04,FHV - High Volume,"616,450",-,"75,879","74,273","49,959",20.2,6.3,20.0,6.2,20.0,-,"160,806"
2018-04,FHV - Livery,"57,501",-,"11,472","11,106","7,768",21.0,5.4,20.8,5.3,19.0,-,14
2018-04,FHV - Lux Limo,"3,362",-,"3,289","3,214","1,446",13.5,2.3,13.6,2.2,63.0,-,-
2018-04,Green,"26,642","384,918","4,081","3,746","2,976",23.8,5.9,22.4,5.8,14.5,56%,-
2018-04,Yellow,"310,169","4,486,177","24,807","12,372","11,534",28.0,12.4,21.5,8.1,14.2,70%,-
2018-03,FHV - Black Car,"16,422",-,"7,535","7,471","3,988",16.5,3.4,16.5,3.4,35.0,-,-
2018-03,FHV - High Volume,"624,601",-,"74,288","72,691","49,102",20.9,6.4,20.7,6.3,19.0,-,"157,162"
2018-03,FHV - Livery,"58,458",-,"11,687","11,313","7,795",21.4,5.4,21.1,5.3,19.0,-,12
2018-03,FHV - Lux Limo,"3,127",-,"3,174","3,077","1,346",13.6,2.3,13.6,2.2,64.0,-,-
2018-03,Green,"26,967","374,253","4,145","3,773","2,961",24.3,5.9,22.7,5.8,13.9,55%,-
2018-03,Yellow,"304,169","4,293,867","24,991","12,389","11,480",28.7,12.2,21.9,7.9,13.7,70%,-
2018-02,FHV - Black Car,"17,415",-,"7,550","7,529","4,063",15.1,3.5,15.1,3.5,33.0,-,-
2018-02,FHV - High Volume,"603,801",-,"72,893","71,731","48,772",19.0,6.3,18.9,6.3,19.0,-,"140,622"
2018-02,FHV - Livery,"58,545",-,"12,653","12,055","8,242",19.1,5.3,18.6,5.2,18.0,-,19
2018-02,FHV - Lux Limo,"3,240",-,"3,273","3,189","1,399",12.3,2.3,12.4,2.2,62.0,-,-
2018-02,Green,"27,461","360,001","4,260","3,920","3,058",21.8,5.9,20.6,5.7,12.9,55%,-
2018-02,Yellow,"303,280","4,138,935","24,641","12,490","11,535",25.9,12.1,19.9,8.0,13.1,71%,-
2018-01,FHV - Black Car,"15,445",-,"7,464","7,410","3,778",15.8,3.4,15.7,3.4,35.0,-,-
2018-01,FHV - High Volume,"555,031",-,"72,719","71,484","46,403",20.1,6.2,19.9,6.1,18.0,-,"126,738"
2018-01,FHV - Livery,"62,222",-,"13,961","12,751","8,389",20.4,5.4,19.0,5.3,17.0,-,15
2018-01,FHV - Lux Limo,"3,142",-,"3,385","3,299","1,378",13.0,2.2,13.1,2.2,63.0,-,-
2018-01,Green,"25,564","331,105","4,377","4,021","2,983",23.0,5.7,21.6,5.5,12.8,53%,-
2018-01,Yellow,"282,565","3,863,024","24,923","12,599","11,304",27.8,11.6,21.1,7.7,13.1,70%,-
2017-12,FHV - Black Car,"15,541",-,"7,789","7,703","3,720",15.0,3.4,14.9,3.4,35.0,-,-
2017-12,FHV - High Volume,"553,632",-,"71,671","70,194","46,799",20.7,6.3,20.5,6.2,20.0,-,"118,649"
2017-12,FHV - Livery,"64,462",-,"13,592","12,966","8,994",21.5,5.3,21.0,5.2,18.0,-,12
2017-12,FHV - Lux Limo,"3,139",-,"3,479","3,331","1,343",12.5,2.3,12.4,2.2,69.0,-,-
2017-12,Green,"29,223","383,355","4,497","4,117","3,200",24.1,5.9,22.6,5.8,13.0,51%,-
2017-12,Yellow,"306,706","4,407,843","26,038","12,685","11,743",28.7,12.2,21.8,7.8,14.5,66%,-
2017-11,FHV - Black Car,"15,718",-,"7,376","7,331","3,859",15.8,3.4,15.8,3.4,37.0,-,-
2017-11,FHV - High Volume,"517,191",-,"69,948","68,521","46,232",20.2,6.2,20.0,6.1,20.0,-,"107,750"
2017-11,FHV - Livery,"59,254",-,"13,304","12,807","8,986",21.1,5.1,20.8,4.9,18.0,-,16
2017-11,FHV - Lux Limo,"3,246",-,"3,088","2,978","1,341",13.5,2.4,13.5,2.3,68.0,-,-
2017-11,Green,"29,136","386,722","4,601","4,199","3,320",23.7,5.8,22.2,5.7,13.2,53%,-
2017-11,Yellow,"309,471","4,517,934","26,347","12,692","11,921",28.2,12.4,21.5,7.8,14.8,68%,-
2017-10,FHV - Black Car,"16,405",-,"8,008","7,882","4,221",16.6,3.3,16.5,3.3,38.0,-,-
2017-10,FHV - High Volume,"492,028",-,"69,303","67,653","45,234",20.7,6.1,20.4,6.1,20.0,-,"92,641"
2017-10,FHV - Livery,"59,234",-,"13,833","13,335","9,231",21.5,5.0,21.2,4.9,18.0,-,-
2017-10,FHV - Lux Limo,"3,171",-,"3,053","2,936","1,341",14.2,2.3,14.2,2.3,68.0,-,-
2017-10,Green,"29,858","401,160","4,723","4,287","3,390",24.5,5.9,22.8,5.7,13.4,53%,-
2017-10,Yellow,"315,084","4,681,421","26,536","12,703","11,931",29.1,12.5,22.1,7.9,14.8,68%,-
2017-09,FHV - Black Car,"15,975",-,"7,777","7,693","3,906",15.2,3.4,15.2,3.4,36.0,-,-
2017-09,FHV - High Volume,"468,318",-,"67,408","65,690","43,120",19.7,6.2,19.4,6.1,20.0,-,"84,200"
2017-09,FHV - Livery,"59,436",-,"14,306","13,795","9,339",20.3,4.9,20.0,4.8,18.0,-,12
2017-09,FHV - Lux Limo,"3,396",-,"3,483","3,375","1,439",12.8,2.3,12.8,2.3,68.0,-,-
2017-09,Green,"29,409","402,289","4,693","4,320","3,337",23.2,5.8,21.9,5.7,13.3,51%,-
2017-09,Yellow,"298,163","4,422,289","25,604","12,656","11,499",27.3,12.1,20.6,7.9,14.8,67%,-
2017-08,FHV - Black Car,"13,985",-,"7,463","7,406","3,686",15.4,3.2,15.4,3.2,35.0,-,-
2017-08,FHV - High Volume,"429,691",-,"65,522","64,054","41,372",20.0,6.0,19.8,6.0,20.0,-,"76,026"
2017-08,FHV - Livery,"59,142",-,"14,398","13,907","9,263",20.7,4.9,20.4,4.8,18.0,-,6
2017-08,FHV - Lux Limo,"2,774",-,"3,400","3,278","1,313",12.4,2.1,12.4,2.0,67.0,-,-
2017-08,Green,"27,976","373,385","4,769","4,384","3,347",23.7,5.6,22.3,5.5,12.6,50%,-
2017-08,Yellow,"271,676","3,985,437","25,164","12,690","11,550",28.2,11.7,21.6,7.7,14.0,66%,-
2017-07,FHV - Black Car,"13,084",-,"7,559","7,486","3,515",14.6,3.2,14.5,3.1,36.0,-,-
2017-07,FHV - High Volume,"421,285",-,"65,178","63,604","40,679",19.8,6.0,19.6,5.9,20.0,-,"68,756"
2017-07,FHV - Livery,"59,805",-,"14,658","14,069","9,283",20.5,4.9,20.1,4.8,18.0,-,13
2017-07,FHV - Lux Limo,"2,720",-,"3,284","3,237","1,270",12.2,2.1,12.4,2.1,69.0,-,-
2017-07,Green,"29,503","391,767","4,969","4,579","3,463",23.4,5.7,22.2,5.5,12.6,50%,-
2017-07,Yellow,"277,042","4,037,177","26,108","12,792","11,583",28.1,11.8,21.1,7.7,14.1,66%,-
2017-06,FHV - Black Car,"14,274",-,"7,450","7,394","3,840",15.6,3.2,15.5,3.2,39.0,-,-
2017-06,FHV - High Volume,"420,017",-,"63,721","62,331","40,408",19.5,5.9,19.2,5.8,21.0,-,"63,620"
2017-06,FHV - Livery,"64,389",-,"15,171","14,250","9,525",20.1,5.1,19.4,5.0,19.0,-,12
2017-06,FHV - Lux Limo,"3,327",-,"3,254","3,225","1,423",13.3,2.3,13.6,2.2,71.0,-,-
2017-06,Green,"32,544","432,850","5,072","4,686","3,629",23.2,5.7,22.0,5.6,13.2,50%,-
2017-06,Yellow,"321,877","4,751,867","26,664","12,894","12,038",28.0,12.4,21.5,7.8,14.8,67%,-
2017-05,FHV - Black Car,"15,505",-,"7,974","7,435","4,054",16.9,3.3,15.9,3.2,0.0,-,-
2017-05,FHV - High Volume,"399,546",-,"61,532","59,795","38,015",19.7,5.9,19.4,5.9,0.0,-,-
2017-05,FHV - Livery,"77,985",-,"14,892","14,323","10,396",22.5,5.4,22.2,5.3,0.0,-,-
2017-05,FHV - Lux Limo,"3,653",-,"3,062","3,053","1,526",15.5,2.3,15.7,2.3,0.0,-,-
2017-05,Green,"34,174","449,352","5,302","4,823","3,740",24.0,5.8,22.4,5.7,13.1,50%,-
2017-05,Yellow,"325,857","4,848,494","27,655","12,977","12,159",29.0,12.6,21.9,7.8,15.0,67%,-
2017-04,FHV - Black Car,"13,676",-,"7,201","6,725","3,536",15.8,3.3,14.8,3.2,0.0,-,-
2017-04,FHV - High Volume,"393,918",-,"58,963","57,181","36,750",19.3,6.0,18.9,6.0,0.0,-,-
2017-04,FHV - Livery,"81,326",-,"15,386","14,469","10,373",21.5,5.6,20.9,5.4,0.0,-,-
2017-04,FHV - Lux Limo,"3,240",-,"3,067","3,034","1,366",13.5,2.3,13.5,2.2,0.0,-,-
2017-04,Green,"36,024","465,532","5,337","4,844","3,803",23.6,6.0,22.0,5.8,12.5,50%,-
2017-04,Yellow,"334,865","4,865,420","27,802","12,981","12,229",28.3,12.8,21.4,7.9,14.3,67%,-
2017-03,FHV - Black Car,"14,500",-,"7,334","6,815","3,742",17.0,3.3,16.0,3.2,0.0,-,-
2017-03,FHV - High Volume,"402,938",-,"56,768","54,836","35,619",20.1,6.2,19.7,6.1,0.0,-,-
2017-03,FHV - Livery,"85,721",-,"15,711","14,884","10,446",21.8,5.7,21.3,5.5,0.0,-,-
2017-03,FHV - Lux Limo,"3,391",-,"2,865","2,923","1,371",14.6,2.4,15.0,2.3,0.0,-,-
2017-03,Green,"37,341","473,888","5,357","4,923","3,789",23.9,6.1,22.5,5.9,12.4,49%,-
2017-03,Yellow,"332,075","4,770,322","27,900","12,990","12,146",29.0,12.8,21.8,7.9,14.0,68%,-
2017-02,FHV - Black Car,"13,280",-,"6,931","6,769","3,599",14.9,3.2,14.7,3.1,0.0,-,-
2017-02,FHV - High Volume,"375,693",-,"55,552","53,577","34,850",18.2,6.1,17.8,6.0,0.0,-,-
2017-02,FHV - Livery,"81,985",-,"15,605","14,975","10,746",20.1,5.5,19.8,5.4,0.0,-,-
2017-02,FHV - Lux Limo,"3,502",-,"3,041","3,083","1,467",13.3,2.3,13.7,2.2,0.0,-,-
2017-02,Green,"36,509","461,734","5,533","5,089","3,895",21.4,5.9,20.2,5.8,12.1,50%,-
2017-02,Yellow,"327,451","4,531,822","27,523","12,967","12,112",26.2,12.6,19.6,7.9,13.3,68%,-
2017-01,FHV - Black Car,"12,660",-,"6,481","6,431","3,297",15.9,3.3,15.8,3.3,0.0,-,-
2017-01,FHV - High Volume,"344,972",-,"54,665","52,538","32,782",19.3,6.0,18.9,5.9,0.0,-,-
2017-01,FHV - Livery,"79,624",-,"15,299","14,680","10,335",21.8,5.6,21.3,5.4,0.0,-,-
2017-01,FHV - Lux Limo,"3,302",-,"3,139","3,178","1,404",13.7,2.3,14.0,2.2,0.0,-,-
2017-01,Green,"34,497","431,323","5,751","5,277","3,918",23.0,5.7,21.7,5.5,11.8,49%,-
2017-01,Yellow,"313,229","4,314,880","27,782","13,058","11,990",28.5,12.2,21.0,7.8,13.0,67%,-
2016-12,FHV - Black Car,"12,185",-,"6,304","6,140","3,102",15.7,3.3,15.2,3.3,0.0,-,-
2016-12,FHV - High Volume,"347,858",-,"53,130","50,955","32,336",19.7,6.1,19.1,6.0,0.0,-,-
2016-12,FHV - Livery,"84,307",-,"15,164","14,427","10,525",22.6,5.6,22.1,5.5,0.0,-,-
2016-12,FHV - Lux Limo,"2,705",-,"2,370","2,545","1,094",13.3,2.4,14.1,2.3,0.0,-,-
2016-12,Green,"39,488","508,205","5,935","5,399","4,166",23.9,6.0,22.4,5.8,12.4,48%,-
2016-12,Yellow,"337,071","4,869,413","28,743","13,197","12,329",29.0,12.8,21.7,7.8,14.6,64%,-
2016-11,FHV - Black Car,"12,670",-,"6,407","6,114","3,345",16.4,3.3,15.7,3.3,0.0,-,-
2016-11,FHV - High Volume,"318,664",-,"50,932","49,110","30,921",18.9,5.9,18.4,5.8,0.0,-,-
2016-11,FHV - Livery,"80,717",-,"15,223","14,489","10,571",21.9,5.5,21.5,5.3,0.0,-,-
2016-11,FHV - Lux Limo,"2,514",-,"2,075","2,198","1,017",13.9,2.4,14.4,2.4,0.0,-,-
2016-11,Green,"38,272","501,128","6,065","5,513","4,258",23.2,5.8,21.6,5.7,12.8,49%,-
2016-11,Yellow,"336,737","4,980,423","29,080","13,159","12,437",28.4,12.9,21.3,7.8,15.9,66%,-
2016-10,FHV - Black Car,"12,933",-,"6,616","6,381","3,375",16.4,3.3,15.8,3.3,0.0,-,-
2016-10,FHV - High Volume,"310,749",-,"49,545","47,758","30,097",19.5,6.0,19.0,5.9,0.0,-,-
2016-10,FHV - Livery,"81,340",-,"15,530","14,880","10,729",22.4,5.5,22.0,5.3,0.0,-,-
2016-10,FHV - Lux Limo,"3,297",-,"2,632","2,696","1,307",15.1,2.4,15.5,2.4,0.0,-,-
2016-10,Green,"40,405","540,913","6,215","5,604","4,331",24.0,5.9,22.1,5.8,13.0,50%,-
2016-10,Yellow,"350,380","5,196,275","29,383","13,198","12,433",29.2,13.1,21.8,7.9,16.0,66%,-
2016-09,FHV - Black Car,"14,150",-,"6,611","6,261","3,456",16.6,3.5,15.8,3.5,0.0,-,-
2016-09,FHV - High Volume,"292,548",-,"48,448","46,308","28,684",18.6,6.0,18.0,5.8,0.0,-,-
2016-09,FHV - Livery,"82,088",-,"15,503","14,680","10,715",21.9,5.5,21.4,5.3,0.0,-,-
2016-09,FHV - Lux Limo,"3,200",-,"2,504","2,579","1,254",14.6,2.4,15.0,2.4,0.0,-,-
2016-09,Green,"38,741","529,544","6,341","5,690","4,272",22.5,5.8,20.7,5.7,13.4,49%,-
2016-09,Yellow,"337,321","5,167,170","28,526","13,166","12,137",27.7,12.8,20.6,7.9,16.0,66%,-
2016-08,FHV - Black Car,"12,344",-,"6,410","6,289","3,383",16.7,3.1,16.5,3.1,0.0,-,-
2016-08,FHV - High Volume,"263,457",-,"45,496","43,375","25,589",18.3,5.9,17.7,5.8,0.0,-,-
2016-08,FHV - Livery,"83,283",-,"16,226","15,422","10,916",21.9,5.5,21.4,5.3,0.0,-,-
2016-08,FHV - Lux Limo,"3,008",-,"3,010","3,077","1,336",13.5,2.2,13.7,2.1,0.0,-,-
2016-08,Green,"40,241","547,786","6,359","5,774","4,329",23.2,6.0,21.7,5.9,12.9,49%,-
2016-08,Yellow,"320,718","4,722,586","28,340","13,203","12,266",28.8,12.5,21.7,7.8,15.5,64%,-
2016-07,FHV - Black Car,"12,589",-,"6,525","6,423","3,336",16.1,3.2,15.9,3.2,0.0,-,-
2016-07,FHV - High Volume,"252,701",-,"40,398","38,843","23,844",19.0,6.0,18.5,5.9,0.0,-,-
2016-07,FHV - Livery,"85,737",-,"16,492","15,435","10,851",21.8,5.6,21.1,5.4,0.0,-,-
2016-07,FHV - Lux Limo,"3,080",-,"2,798","2,830","1,258",13.8,2.3,14.1,2.2,0.0,-,-
2016-07,Green,"42,979","589,602","6,471","5,868","4,408",23.3,6.2,21.7,6.0,13.0,50%,-
2016-07,Yellow,"332,231","4,924,633","29,062","13,293","12,266",28.6,12.6,21.3,7.8,15.7,64%,-
2016-06,FHV - Black Car,"15,375",-,"6,889","6,794","3,957",17.5,3.3,17.3,3.3,0.0,-,-
2016-06,FHV - High Volume,"242,233",-,"38,771","37,615","23,824",19.0,6.0,18.7,5.9,0.0,-,-
2016-06,FHV - Livery,"96,337",-,"17,481","16,512","12,114",22.0,5.6,21.5,5.5,0.0,-,-
2016-06,FHV - Lux Limo,"5,007",-,"3,592","3,628","1,852",15.3,2.5,15.5,2.4,0.0,-,-
2016-06,Green,"46,817","645,016","6,582","5,959","4,711",23.7,6.2,22.1,6.1,13.5,49%,-
2016-06,Yellow,"371,257","5,564,246","29,899","13,354","12,781",28.7,13.3,21.8,7.8,16.7,66%,-
2016-05,FHV - Black Car,"14,705",-,"7,059","7,029","3,818",16.8,3.3,16.7,3.3,0.0,-,-
2016-05,FHV - High Volume,"226,667",-,"36,443","35,611","21,717",19.0,6.1,18.7,6.0,0.0,-,-
2016-05,FHV - Livery,"100,070",-,"21,928","16,951","12,374",22.6,5.7,18.3,5.4,0.0,-,-
2016-05,FHV - Lux Limo,"4,992",-,"3,713","3,676","1,821",15.4,2.6,15.6,2.5,0.0,-,-
2016-05,Green,"49,573","681,032","6,672","6,008","4,730",24.4,6.5,22.6,6.3,13.5,50%,-
2016-05,Yellow,"381,878","5,654,653","30,509","13,381","12,777",29.6,13.5,22.1,8.0,15.8,66%,-
2016-04,FHV - Black Car,"14,535",-,"7,361","7,036","3,939",16.8,3.2,16.2,3.2,0.0,-,-
2016-04,FHV - High Volume,"217,147",-,"34,250","33,518","20,967",18.9,6.1,18.5,6.0,0.0,-,-
2016-04,FHV - Livery,"101,203",-,"18,275","17,192","12,538",21.9,5.7,21.3,5.5,0.0,-,-
2016-04,FHV - Lux Limo,"5,053",-,"3,599","3,593","1,839",15.4,2.5,15.5,2.4,0.0,-,-
2016-04,Green,"51,458","692,778","6,770","6,021","4,789",23.9,6.6,21.9,6.4,13.0,51%,-
2016-04,Yellow,"397,780","5,721,501","30,488","13,370","12,875",28.9,13.8,21.7,8.1,17.4,67%,-
2016-03,FHV - Black Car,"14,138",-,"6,836","6,543","3,846",18.2,3.2,17.5,3.2,0.0,-,-
2016-03,FHV - High Volume,"195,837",-,"31,716","32,016","19,685",19.2,5.8,19.0,5.7,0.0,-,-
2016-03,FHV - Livery,"95,707",-,"16,805","15,852","11,562",22.6,5.8,22.2,5.6,0.0,-,-
2016-03,FHV - Lux Limo,"4,425",-,"3,416","3,436","1,724",15.6,2.4,15.7,2.3,0.0,-,-
2016-03,Green,"50,850","673,269","6,816","6,043","4,768",24.5,6.5,22.3,6.3,12.6,50%,-
2016-03,Yellow,"393,886","5,614,089","30,327","13,379","12,828",29.7,13.6,22.2,8.0,15.0,67%,-
2016-02,FHV - Black Car,"19,854",-,"9,263","9,138","4,768",15.1,3.4,15.0,3.4,0.0,-,-
2016-02,FHV - High Volume,"201,940",-,"32,348","31,921","19,596",17.9,5.9,17.7,5.9,0.0,-,-
2016-02,FHV - Livery,"98,897",-,"17,135","16,039","11,676",21.1,5.8,20.6,5.6,0.0,-,-
2016-02,FHV - Lux Limo,"4,405",-,"3,250","3,370","1,701",14.7,2.4,15.0,2.3,0.0,-,-
2016-02,Green,"52,093","676,135","6,871","6,165","4,843",22.8,6.5,21.1,6.3,12.3,50%,-
2016-02,Yellow,"392,470","5,427,875","29,564","13,339","12,718",27.7,13.4,20.8,8.0,14.6,67%,-
2016-01,FHV - Black Car,"14,352",-,"8,911","8,788","4,087",14.4,3.1,14.3,3.0,0.0,-,-
2016-01,FHV - High Volume,"166,805",-,"32,497","32,056","19,007",18.5,5.5,18.2,5.5,0.0,-,-
2016-01,FHV - Livery,"89,661",-,"19,667","18,782","11,958",19.7,5.3,19.4,5.1,0.0,-,-
2016-01,FHV - Lux Limo,"3,721",-,"3,920","3,371","1,517",14.0,2.3,12.3,2.2,0.0,-,-
2016-01,Green,"46,621","613,966","6,994","6,253","4,648",23.0,6.3,21.2,6.1,12.5,49%,-
2016-01,Yellow,"351,816","4,886,897","29,276","13,347","12,244",28.4,12.7,21.0,7.9,15.4,66%,-
2015-12,FHV - Black Car,"15,377",-,"8,494","8,429","3,928",14.5,3.3,14.3,3.3,0.0,-,-
2015-12,FHV - High Volume,"168,786",-,"31,249","30,010","18,733",19.4,5.6,19.0,5.6,0.0,-,-
2015-12,FHV - Livery,"97,134",-,"17,652","16,698","12,283",22.8,5.7,22.3,5.5,0.0,-,-
2015-12,FHV - Lux Limo,"5,437",-,"3,887","3,948","1,878",14.8,2.5,14.7,2.4,0.0,-,-
2015-12,Green,"51,880","700,319","7,120","6,342","5,030",24.6,6.4,22.5,6.3,12.9,48%,-
2015-12,Yellow,"369,686","5,425,880","29,917","13,429","12,641",29.2,13.2,22.0,7.9,18.4,63%,-
2015-11,FHV - Black Car,"15,069",-,"7,790","7,942","4,024",15.2,3.2,15.1,3.3,0.0,-,-
2015-11,FHV - High Volume,"163,178",-,"30,119","28,845","18,141",18.9,5.7,18.4,5.6,0.0,-,-
2015-11,FHV - Livery,"93,451",-,"17,933","16,777","12,166",21.8,5.5,21.4,5.3,0.0,-,-
2015-11,FHV - Lux Limo,"5,583",-,"3,890","3,820","1,936",15.2,2.5,14.7,2.4,0.0,-,-
2015-11,Green,"50,999","685,908","7,132","6,342","5,036",23.8,6.4,21.8,6.2,12.9,49%,-
2015-11,Yellow,"377,076","5,502,861","30,270","13,428","12,732",28.4,13.3,21.3,7.9,20.4,64%,-
2015-10,FHV - Black Car,"16,756",-,"7,837","7,652","3,974",16.1,3.5,15.7,3.5,0.0,-,-
2015-10,FHV - High Volume,"163,168",-,"29,151","28,002","17,701",19.6,5.8,19.1,5.7,0.0,-,-
2015-10,FHV - Livery,"91,468",-,"17,790","16,712","11,834",22.0,5.6,21.6,5.3,0.0,-,-
2015-10,FHV - Lux Limo,"5,554",-,"3,805","3,840","2,008",16.2,2.5,16.6,2.5,0.0,-,-
2015-10,Green,"52,598","716,779","7,157","6,396","5,083",24.6,6.5,22.7,6.3,13.3,48%,-
2015-10,Yellow,"397,244","5,856,687","30,104","13,436","12,787",29.5,13.7,22.4,8.1,17.3,64%,-
2015-09,FHV - Black Car,"10,293",-,"5,937","5,875","2,769",14.1,3.2,14.0,3.2,0.0,-,-
2015-09,FHV - High Volume,"144,300",-,"26,914","26,050","15,814",18.2,5.8,17.8,5.7,0.0,-,-
2015-09,FHV - Livery,"60,764",-,"11,595","10,792","7,851",21.8,5.6,21.0,5.4,0.0,-,-
2015-09,FHV - Lux Limo,"4,069",-,"3,127","3,069","1,550",15.2,2.6,14.7,2.5,0.0,-,-
2015-09,Green,"49,830","687,469","7,181","6,403","4,932",23.1,6.4,21.2,6.2,13.2,47%,-
2015-09,Yellow,"374,156","5,520,038","29,912","13,423","12,523",28.0,13.2,20.8,8.0,16.5,62%,-
2015-08,FHV - Black Car,"7,988",-,"5,154","5,073","2,384",14.6,2.9,14.4,2.9,0.0,-,-
2015-08,FHV - High Volume,"123,807",-,"25,085","24,452","14,485",18.4,5.6,18.0,5.5,0.0,-,-
2015-08,FHV - Livery,"34,450",-,"7,141","6,327","4,379",21.5,5.7,19.9,5.4,0.0,-,-
2015-08,FHV - Lux Limo,"3,476",-,"2,389","2,462","1,188",15.0,2.5,14.5,2.3,0.0,-,-
2015-08,Green,"49,429","678,711","7,215","6,404","4,911",23.8,6.4,21.8,6.2,12.8,46%,-
2015-08,Yellow,"359,029","5,200,177","29,688","13,442","12,579",29.0,13.1,21.7,7.9,16.1,61%,-
2015-07,FHV - Black Car,"7,574",-,"4,296","4,248","2,117",15.5,3.1,15.4,3.1,0.0,-,-
2015-07,FHV - High Volume,"112,207",-,"22,070","22,646","13,358",18.3,5.5,17.5,5.4,0.0,-,-
2015-07,FHV - Livery,"18,526",-,"4,306","3,815","2,365",19.2,5.7,17.9,5.4,0.0,-,-
2015-07,FHV - Lux Limo,"3,136",-,"2,381","2,354","1,146",15.1,2.4,15.5,2.5,0.0,-,-
2015-07,Green,"49,730","681,299","7,321","6,473","4,981",23.9,6.3,21.7,6.1,13.0,45%,-
2015-07,Yellow,"372,979","5,392,570","29,999","13,490","12,599",29.0,13.1,21.8,7.9,15.7,62%,-
2015-06,FHV - Black Car,"9,276",-,"5,009","4,956","2,543",15.4,3.2,15.3,3.2,0.0,-,-
2015-06,FHV - High Volume,"102,793",-,"20,452","19,840","12,089",18.3,5.6,17.9,5.5,0.0,-,-
2015-06,FHV - Livery,"25,626",-,"4,800","4,281","3,008",21.1,5.8,19.5,5.6,0.0,-,-
2015-06,FHV - Lux Limo,"3,655",-,"2,461","2,501","1,368",16.4,2.6,16.6,2.5,0.0,-,-
2015-06,Green,"54,628","801,215","7,483","6,539","5,196",23.8,6.5,21.6,6.3,13.3,45%,-
2015-06,Yellow,"410,831","6,014,938","30,829","13,549","12,990",28.8,13.8,21.9,8.0,16.9,63%,-
2015-05,FHV - Black Car,"7,681",-,"4,561","4,550","2,055",14.0,3.2,14.0,3.2,0.0,-,-
2015-05,FHV - High Volume,"94,103",-,"19,076","14,122","8,120",17.8,5.4,18.0,5.6,0.0,-,-
2015-05,FHV - Livery,"31,153",-,"6,540","5,779","3,836",20.6,5.6,19.0,5.4,0.0,-,-
2015-05,FHV - Lux Limo,"3,580",-,"2,709","2,735","1,388",15.7,2.5,16.0,2.4,0.0,-,-
2015-05,Green,"57,637","862,099","7,513","6,508","5,177",24.7,6.8,22.2,6.5,13.6,46%,-
2015-05,Yellow,"424,459","6,239,552","31,442","13,580","13,006",29.7,14.1,22.4,8.1,16.4,62%,-
2015-04,FHV - Black Car,"10,060",-,"5,237","5,225","2,653",15.2,3.3,15.2,3.2,0.0,-,-
2015-04,FHV - High Volume,"82,498",-,"16,473","16,006","9,711",18.2,5.6,17.8,5.5,0.0,-,-
2015-04,FHV - Livery,"33,619",-,"7,121","6,416","4,530",21.2,5.4,20.0,5.2,0.0,-,-
2015-04,FHV - Lux Limo,"2,973",-,"1,977","1,990","1,059",16.0,2.7,16.1,2.6,0.0,-,-
2015-04,Green,"55,473","805,698","7,388","6,378","5,032",23.7,6.7,21.2,6.4,13.0,46%,-
2015-04,Yellow,"435,701","6,226,205","31,574","13,577","13,098",28.9,14.2,21.9,8.1,16.9,63%,-
2015-03,FHV - Black Car,"5,338",-,"2,921","2,882","1,296",13.9,3.3,13.6,3.3,0.0,-,-
2015-03,FHV - High Volume,"72,889",-,"14,995","14,290","8,579",18.6,5.5,18.2,5.5,0.0,-,-
2015-03,FHV - Livery,"25,025",-,"4,275","4,087","3,052",23.2,5.6,23.0,5.4,0.0,-,-
2015-03,FHV - Lux Limo,"1,439",-,957,990,553,17.3,2.6,18.7,2.5,0.0,-,-
2015-03,Green,"55,567","793,672","7,254","6,221","4,835",24.1,6.7,21.5,6.5,13.0,45%,-
2015-03,Yellow,"430,669","6,076,181","31,610","13,584","13,030",29.7,14.0,22.3,8.0,16.8,63%,-
2015-02,FHV - Black Car,"6,213",-,"2,640","2,620","1,618",17.3,3.5,17.2,3.5,0.0,-,-
2015-02,FHV - High Volume,"77,796",-,"14,180","13,531","8,402",17.4,5.8,17.1,5.8,0.0,-,-
2015-02,FHV - Livery,"23,250",-,"4,227","3,971","2,901",20.5,5.4,20.2,5.2,0.0,-,-
2015-02,FHV - Lux Limo,"1,782",-,"1,037","1,034",620,16.8,2.8,17.2,2.7,0.0,-,-
2015-02,Green,"56,242","798,649","6,880","5,984","4,723",22.1,6.9,20.0,6.6,12.9,45%,-
2015-02,Yellow,"444,633","6,097,785","30,969","13,617","12,979",26.7,14.1,20.3,8.1,15.8,64%,-
2015-01,FHV - Black Car,"5,359",-,"2,737","2,725","1,469",16.7,3.3,16.7,3.3,0.0,-,-
2015-01,FHV - High Volume,"60,357",-,"13,153","12,544","7,265",18.0,5.4,17.6,5.3,0.0,-,-
2015-01,FHV - Livery,"20,740",-,"4,526","4,181","2,848",21.1,5.2,20.5,5.0,0.0,-,-
2015-01,FHV - Lux Limo,"1,310",-,886,856,462,16.8,2.8,16.6,2.7,0.0,-,-
2015-01,Green,"48,659","673,523","6,919","5,897","4,498",23.6,6.6,21.0,6.3,12.1,45%,-
2015-01,Yellow,"411,238","5,442,278","31,236","13,633","12,721",28.9,13.4,21.5,7.9,15.0,62%,-
2014-12,Green,"53,078","701,885","6,933","5,812","4,651",24.8,6.8,21.7,6.5,12.9,44%,-
2014-12,Yellow,"419,776","5,868,025","32,048","13,642","13,041",29.6,13.9,22.3,7.9,14.0,57%,-
2014-11,Green,"51,600","684,927","6,622","5,558","4,499",24.3,6.9,21.3,6.6,13.0,45%,-
2014-11,Yellow,"440,576","6,113,253","32,260","13,642","13,095",28.8,14.3,21.8,8.0,13.8,59%,-
2014-10,Green,"48,100","649,348","6,488","5,347","4,280",24.8,6.8,21.3,6.5,13.1,45%,-
2014-10,Yellow,"459,087","6,432,093","32,091","13,665","13,162",29.9,14.5,22.7,8.1,13.8,59%,-
2014-09,Green,"45,394","623,638","6,311","5,202","4,153",23.9,6.7,20.6,6.4,13.2,44%,-
2014-09,Yellow,"445,782","6,284,615","32,191","13,647","13,087",28.8,14.3,21.7,8.1,13.9,59%,-
2014-08,Green,"43,381","595,477","6,249","5,136","3,989",24.1,6.7,20.7,6.4,12.8,42%,-
2014-08,Yellow,"409,305","5,709,153","31,429","13,622","12,919",29.4,13.8,22.2,7.9,13.1,56%,-
2014-07,Green,"41,094","560,319","6,180","5,130","3,958",23.9,6.4,20.8,6.1,12.7,42%,-
2014-07,Yellow,"422,771","5,832,040","31,515","13,633","12,943",29.4,13.8,22.5,7.8,13.0,56%,-
2014-06,Green,"44,590","616,892","6,158","5,069","4,040",23.9,6.7,20.7,6.4,13.2,41%,-
2014-06,Yellow,"460,393","6,490,355","32,747","13,651","13,154",28.9,14.6,22.0,8.0,13.6,57%,-
2014-05,Green,"45,853","636,698","6,136","4,957","3,998",25.0,6.9,21.3,6.5,13.4,41%,-
2014-05,Yellow,"476,569","6,718,530","33,060","13,581","13,098",29.9,14.9,22.7,8.1,13.6,56%,-
2014-04,Green,"43,625","580,228","5,894","4,811","3,799",23.7,6.8,20.4,6.4,12.5,39%,-
2014-04,Yellow,"487,275","6,613,192","33,086","13,524","13,074",29.0,15.0,22.0,8.1,12.9,56%,-
2014-03,Green,"41,718","543,542","5,620","4,566","3,547",24.1,6.9,20.7,6.5,12.2,37%,-
2014-03,Yellow,"497,661","6,612,023","33,229","13,442","13,020",30.0,15.1,22.6,8.1,12.4,57%,-
2014-02,Green,"35,895","465,192","5,085","4,207","3,065",20.4,6.8,17.8,6.5,12.6,35%,-
2014-02,Yellow,"466,522","6,122,310","32,634","13,376","12,852",26.9,14.6,20.2,8.0,12.6,59%,-
2014-01,Green,"25,923","331,334","4,564","3,818","2,409",19.6,6.5,17.2,6.1,11.9,35%,-
2014-01,Yellow,"444,537","5,790,713","32,775","13,366","12,778",29.6,14.1,21.9,7.8,12.2,56%,-
2013-12,Green,"19,435","257,398","3,317","2,736","1,707",19.3,6.8,16.9,6.4,12.3,32%,-
2013-12,Yellow,"450,634","6,176,199","33,335","13,356","12,858",29.8,14.5,22.2,7.8,13.1,53%,-
2013-11,Green,"12,692","168,976","2,160","1,754","1,044",17.9,7.1,15.5,6.6,12.3,34%,-
2013-11,Yellow,"479,527","6,470,910","33,191","13,336","12,926",29.1,15.0,21.9,8.0,12.9,55%,-
2013-10,Green,"5,477","74,128","1,261","1,128",500,13.7,6.6,12.8,6.3,12.4,33%,-
2013-10,Yellow,"483,921","6,648,711","33,417","13,334","12,962",30.1,15.0,22.5,8.1,13.1,56%,-
2013-09,Green,"1,632","23,087",478,445,159,10.7,6.3,10.2,6.2,12.7,34%,-
2013-09,Yellow,"470,147","6,493,533","33,292","13,340","12,881",29.0,14.9,21.5,8.0,13.1,55%,-
2013-08,Green,283,"4,028",129,114,33,7.3,5.4,6.8,5.1,11.4,30%,-
2013-08,Yellow,"406,246","5,553,989","32,388","13,318","11,959",27.8,14.2,20.7,7.9,0.0,54%,-
2013-07,Yellow,"445,861","5,983,709","32,748","13,327","12,830",29.8,14.3,22.2,7.8,12.5,53%,-
2013-06,Yellow,"479,148","6,555,608","33,452","13,341","12,922",29.1,15.0,21.7,8.0,13.0,54%,-
2013-05,Yellow,"492,962","6,744,373","33,267","13,334","12,929",30.1,15.1,22.5,8.1,13.0,53%,-
2013-04,Yellow,"503,249","6,714,891","33,084","13,343","12,949",29.1,15.1,21.9,8.1,12.4,54%,-
2013-03,Yellow,"507,914","6,646,912","32,965","13,334","12,927",30.1,15.0,22.5,8.1,12.0,53%,-
2013-02,Yellow,"499,556","6,356,651","32,052","13,338","12,867",27.0,14.6,20.4,8.1,11.7,54%,-
2013-01,Yellow,"476,544","6,045,087","32,213","13,344","12,863",29.9,14.4,22.3,8.0,11.4,52%,-
2012-12,Yellow,"474,005","6,326,604","32,257","13,346","12,806",29.7,14.6,22.4,8.0,12.5,49%,-
2012-11,Yellow,"459,114","6,094,937","31,701","13,324","12,551",28.3,14.2,21.3,7.9,12.5,50%,-
2012-10,Yellow,"468,377","6,346,508","32,104","13,328","12,555",29.2,14.6,22.0,8.1,12.8,50%,-
2012-09,Yellow,"484,783","6,512,203","31,698","13,322","12,826",28.9,14.9,22.0,8.2,12.8,50%,-
2012-08,Yellow,"463,841","5,357,572","30,777","13,318","12,785",29.8,14.4,22.8,8.1,12.3,48%,-
2012-07,Yellow,"463,784","5,292,247","31,174","13,320","12,773",29.7,14.4,22.7,8.1,12.2,48%,-
2012-06,Yellow,"503,139","5,831,841","31,561","13,332","12,940",29.1,15.1,22.6,8.3,12.8,48%,-
2012-05,Yellow,"502,097","5,838,542","31,723","13,325","12,887",30.0,15.1,23.0,8.3,12.9,47%,-
2012-04,Yellow,"515,848","5,861,876","31,579","13,319","12,864",29.0,15.1,22.2,8.3,12.2,47%,-
2012-03,Yellow,"520,764","5,860,835","31,401","13,320","12,927",30.1,15.1,23.2,8.3,12.0,48%,-
2012-02,Yellow,"516,585","5,655,691","30,803","13,317","12,896",28.1,14.9,21.8,8.3,11.6,48%,-
2012-01,Yellow,"482,811","5,220,456","30,944","13,317","12,588",29.3,14.5,22.3,8.2,11.3,47%,-
2011-12,Yellow,"481,410","5,493,999","31,196","13,323","12,830",29.9,14.7,22.9,8.2,12.7,43%,-
2011-11,Yellow,"484,122","5,572,296","31,022","13,319","12,858",29.0,14.7,22.3,8.2,12.9,44%,-
2011-10,Yellow,"506,532","5,790,312","31,341","13,322","12,857",29.9,15.0,23.0,8.3,12.7,45%,-
2011-09,Yellow,"487,470","5,687,581","30,917","13,313","12,797",28.8,14.9,22.2,8.3,13.1,44%,-
2011-08,Yellow,"427,740","4,851,734","30,144","13,295","12,216",28.5,13.9,21.9,8.0,12.1,44%,-
2011-07,Yellow,"475,475","5,350,809","30,683","13,270","12,612",29.5,14.6,22.6,8.3,12.1,43%,-
2011-06,Yellow,"503,152","5,743,238","31,094","13,285","12,760",28.8,15.1,22.4,8.3,12.6,43%,-
2011-05,Yellow,"501,708","5,730,613","31,259","13,291","12,745",29.7,14.9,22.8,8.3,12.5,42%,-
2011-04,Yellow,"490,577","5,456,034","31,022","13,302","12,178",27.5,15.1,21.3,8.4,12.1,42%,-
2011-03,Yellow,"518,212","5,717,207","30,960","13,288","12,852",30.0,15.0,23.1,8.4,11.9,43%,-
2011-02,Yellow,"507,167","5,474,959","30,359","13,253","12,678",26.8,14.9,20.8,8.4,11.8,43%,-
2011-01,Yellow,"434,297","4,661,317","29,682","12,798","11,624",28.2,14.4,21.4,8.2,11.7,41%,-
2010-12,Yellow,"445,727","4,985,892","29,414","12,491","11,612",28.8,14.7,21.9,8.2,12.6,38%,-
2010-11,Yellow,"463,701","5,165,797","29,348","12,347","11,876",28.9,14.8,21.9,8.2,12.2,39%,-
2010-10,Yellow,"457,996","5,122,617","29,128","12,268","11,271",28.5,15.3,21.9,8.4,12.3,39%,-
2010-09,Yellow,"517,972","5,827,246","28,989","12,221","11,765",28.9,14.7,21.7,8.3,12.3,38%,-
2010-08,Yellow,"404,115","4,490,108","28,574","12,206","11,224",28.5,14.4,21.5,8.1,11.8,37%,-
2010-07,Yellow,"472,752","5,216,891","30,562","13,307","12,457",29.0,14.5,22.3,8.2,0.0,37%,-
2010-06,Yellow,"494,137","5,503,949","30,812","13,305","12,671",28.6,14.9,22.2,8.3,0.0,36%,-
2010-05,Yellow,"499,374","5,561,218","30,950","13,309","12,729",29.6,14.8,22.7,8.3,0.0,35%,-
2010-04,Yellow,"504,798","5,502,545","30,827","13,326","12,856",28.9,14.8,22.3,8.3,0.0,35%,-
2010-03,Yellow,"415,567","3,011,750","28,709","12,183","10,382",26.4,15.1,20.4,8.3,11.5,35%,-
2010-02,Yellow,"397,969","3,392,416","28,255","12,171","10,045",23.1,14.6,17.6,8.3,11.1,35%,-
2010-01,Yellow,"479,376","4,968,817","30,659","13,305","12,727",29.7,14.3,22.5,8.2,0.0,32%,-
